Date,Open,High,Low,Close,Adj Close,Volume,Simple Return,Log Return,Volatility,SMA_1,SMA_4,SMA_8,EMA_1,EMA_4,EMA_8,MACD,Signal Line,Histogram,RSI,Middle Band,Upper Band,Lower Band
1973-02-01,0.0,4.75,3.375,4.75,3.037064790725708,1080400,,,,4.75,,,4.75,4.75,4.75,0.0,0.0,0.0,,4.75,4.75,4.75
1973-05-01,0.0,6.625,4.625,6.0,3.8362932205200195,1944600,0.26315789473684204,0.2336148511815051,,6.0,,,6.0,5.25,5.027777777777778,0.09971509971509995,0.01994301994301999,0.07977207977207997,100.0,5.375,6.625,4.125
1973-08-01,0.0,6.25,4.625,5.5,3.5166003704071045,1066700,-0.08333333333333337,-0.08701137698962981,,5.5,,,5.5,5.35,5.132716049382716,0.13681707129000475,0.04331783021241695,0.09349924107758781,71.42857142857143,5.416666666666667,6.44406900049483,4.389264332838504
1973-11-01,0.0,10.875,4.875,9.25,5.9142866134643555,1987400,0.6818181818181819,0.5198754592859086,,9.25,6.375,,9.25,6.91,6.047668038408779,0.46347169777986075,0.12734860372590573,0.336123094053955,90.9090909090909,6.375,9.81193177121688,2.93806822878312
1974-02-01,0.0,11.875,7.0,7.0,4.475674629211426,2586300,-0.2432432432432432,-0.2787134024690205,,7.0,6.9375,,7.0,6.946,6.259297363206828,0.534628778958183,0.2088046387723612,0.32582414018582173,64.51612903225806,6.5,9.614482300479487,3.3855176995205127
1974-05-01,0.0,9.5,6.5,9.25,5.9142866134643555,1038800,0.3214285714285714,0.2787134024690205,,9.25,7.75,,9.25,7.8675999999999995,6.9238979491608665,0.763773172713754,0.3197983455606398,0.4439748271531142,72.5,6.958333333333333,10.463290140802181,3.4533765258644844
1974-08-01,0.0,9.5,4.875,7.0,4.475674629211426,1048600,-0.2432432432432432,-0.2787134024690205,,7.0,8.125,,7.0,7.52056,6.940809516014007,0.7551111088730913,0.4068608982231301,0.3482502106499612,59.183673469387756,6.964285714285714,10.209376197600156,3.719195230971273
1974-11-01,0.0,8.0,4.875,4.875,3.116987943649292,883200,-0.3035714285714286,-0.36179004460550285,,4.875,7.03125,6.703125,4.875,6.462336,6.481740734677561,0.5702036673013682,0.43952945203877775,0.13067421526259043,50.434782608695656,6.703125,10.038394619910811,3.36785538008919
1975-02-01,5.25,7.125,4.875,5.625,3.596524953842163,684400,0.15384615384615374,0.14310084364067324,,5.625,6.6875,6.8125,5.625,6.1274016,6.291353904749214,0.4786641769839042,0.44735639702780305,0.03130777995610112,52.892561983471076,6.583333333333333,9.80004317760313,3.366623489063536
1975-05-01,0.0,6.75,4.875,5.375,3.436678647994995,899400,-0.0444444444444444,-0.04546237407675729,,5.375,5.71875,6.734375,5.375,5.826440959999999,6.087719703693834,0.38154732072966535,0.43419458176817555,-0.052647261038510196,52.032520325203244,6.4625,9.599078549948974,3.3259214500510272
1975-08-01,5.5,5.75,3.75,3.875,2.4776058197021484,574400,-0.2790697674418605,-0.3272129112084162,,3.875,4.9375,6.53125,3.875,5.045864576,5.596004213984092,0.18145237841389772,0.38364614109732,-0.20219376268342226,47.40740740740741,6.2272727272727275,9.567486012886151,2.887059441659303
1975-11-01,0.0,4.125,2.875,3.25,2.077991485595703,652100,-0.16129032258064513,-0.17589066646366416,,3.25,4.53125,5.78125,3.25,4.3275187456,5.07466994420985,-0.02724254651627689,0.30146840357460064,-0.32871095009087753,45.714285714285715,5.979166666666667,9.575798964926928,2.3825343684064055
1976-02-01,0.0,5.625,3.25,4.25,2.7173728942871094,650000,0.3076923076923077,0.26826398659467937,,4.25,4.1875,5.4375,4.25,4.29651124736,4.891409956607661,-0.11066743019073044,0.21904123682153442,-0.32970866701226487,48.64864864864865,5.846153846153846,9.422456521879486,2.2698511704282067
1976-05-01,4.25,5.25,3.5,3.625,2.317760944366455,570800,-0.1470588235294118,-0.1590646946296874,,3.625,3.75,4.734375,3.625,4.027906748416,4.609985521805958,-0.22462518885087857,0.13030795168705184,-0.3549331405379304,47.05882352941176,5.6875,9.318652414474343,2.056347585525656
1976-08-01,3.375,3.875,2.875,3.5,2.237837314605713,489300,-0.03448275862068961,-0.03509131981127006,,3.5,3.65625,4.296875,3.5,3.8167440490496,4.3633220725157456,-0.3213200118598163,0.03998235897767821,-0.3613023708374945,46.729905142286576,5.541666666666667,9.215523253718239,1.8678100796150954
1976-11-01,3.9375,4.875,3.375,3.375,2.157914161682129,548400,-0.0357142857142857,-0.03636764417087483,,3.375,3.6875,4.109375,3.375,3.64004642942976,4.143694945290024,-0.4033878075293842,-0.04869167432373428,-0.3546961332056499,46.38078902229846,5.40625,9.114875924786698,1.6976240752133007
1977-02-01,0.0,7.6875,3.3125,5.625,3.596524953842163,1615500,0.6666666666666667,0.5108256237659907,,5.625,4.03125,4.109375,5.625,4.434027857657856,4.472873846336686,-0.28360174650093395,-0.09567368875917423,-0.18792805774175972,53.16368162644354,5.419117647058823,9.018485623105398,1.8197496710122478
1977-05-01,0.0,6.3125,4.875,5.5625,3.5565621852874756,510000,-0.011111111111111072,-0.011173300598125189,,5.5625,4.515625,4.1328125,5.5625,4.885416714594713,4.7150129915952,-0.1915060947378917,-0.11484016995491773,-0.07666592478297397,52.963256859297296,5.427083333333333,8.925656951411293,1.9285097152553727
1977-08-01,0.0,6.375,4.75,5.3125,3.3967177867889404,570500,-0.0449438202247191,-0.04598511324182338,,5.3125,4.96875,4.3125,5.3125,5.056250028756828,4.847787882351823,-0.1371119961231102,-0.11929453518855623,-0.01781746093455397,52.11688835811796,5.421052631578948,8.82669860778309,2.0154066553748065
1977-11-01,0.0,5.875,4.25,4.625,2.9571433067321777,745100,-0.12941176470588234,-0.13858616328614667,,4.625,5.28125,4.484375,4.625,4.883750017254097,4.798279464051418,-0.14777631206739184,-0.12499089056432336,-0.022785421503068476,49.761846278991385,5.38125,8.71875,2.0437499999999993
1978-02-01,0.0,5.625,3.6875,3.8125,2.4376444816589355,521300,-0.17567567567567566,-0.19319122903085847,,3.8125,4.828125,4.4296875,3.8125,4.455250010352458,4.57921736092888,-0.21926229963550536,-0.14384517237855976,-0.0754171272569456,47.05560269570737,5.334375,8.731817742343129,1.9369322576568715
1978-05-01,0.0,5.875,3.8125,5.3125,3.3967177867889404,880300,0.39344262295081966,0.3317773923170052,0.5137936553477332,5.3125,4.765625,4.640625,5.3125,4.798150006211475,4.742169058500241,-0.15311300442949172,-0.14569873878874617,-0.007414265640745543,52.22160427489393,5.3,8.683692509670465,1.9163074903295358
1978-08-01,0.0,6.9375,4.8125,5.125,3.2768337726593018,1229100,-0.03529411764705881,-0.03593200922606333,0.5037089229723242,5.125,4.71875,4.84375,5.125,4.928890003726885,4.827242601055743,-0.11449902095549902,-0.13945879522209675,0.024959774266597734,51.54456771089916,5.28125,8.66445761260671,1.8980423873932892
1978-11-01,5.0,5.875,4.0625,5.25,3.3567564487457275,817300,0.024390243902439046,0.024097551579060524,0.5025902258644452,5.25,4.875,5.078125,5.25,5.05733400223613,4.921188689710022,-0.07296955788094106,-0.12616094775386563,0.05319138987292457,51.9914304107112,5.08125,7.933633871431053,2.2288661285689466
1979-02-01,0.0,6.8125,5.0,6.5625,4.195943355560303,944500,0.25,0.22314355131420976,0.457768697647695,6.5625,5.5625,5.1953125,6.5625,5.659400401341678,5.2859245364411285,0.0651001873527548,-0.08790872073254155,0.15300890808529635,56.52504650328522,5.059375,7.858782024264246,2.259967975735754
1979-05-01,0.0,7.125,5.8125,5.8125,3.716409921646118,1141900,-0.11428571428571432,-0.12136085700426748,0.44532730905846246,5.8125,5.6875,5.2265625,5.8125,5.720640240805007,5.402941306120878,0.11270354686801287,-0.04778626721243068,0.16048981408044355,53.42061897872966,4.8875,6.9658857919067865,2.809114208093214
1979-08-01,0.0,7.9375,5.25,5.25,3.3567564487457275,1442300,-0.09677419354838712,-0.10178269430994236,0.4276645311279761,5.25,5.71875,5.21875,5.25,5.532384144483005,5.3689543492051275,0.10384346048403525,-0.01746032167313749,0.12130378215717275,51.151561788474126,4.8,6.650084457531602,2.949915542468398
1979-11-01,0.0,12.5,5.375,12.0,7.672586441040039,2889300,1.2857142857142856,0.8266785731844679,0.5463938080438575,12.0,7.40625,6.140625,12.0,8.119430486689804,6.842520049381767,0.6341799345651467,0.11286772957451933,0.5213122049906274,68.46273451848853,5.15625,8.8007021193178,1.5117978806822006
1980-02-01,0.0,14.0,8.25,8.875,5.674515247344971,1986000,-0.26041666666666663,-0.30166831442652076,0.538820740154122,8.875,7.984375,6.7734375,8.875,8.421658292013882,7.294182260630263,0.7931708480524549,0.24892835327010646,0.5442424947823484,58.18257855407721,5.31875,9.306014883350489,1.3314851166495094
1980-05-01,0.0,13.75,8.125,12.75,8.152124404907227,1521300,0.43661971830985924,0.3622929362429557,0.5555271194417855,12.75,9.71875,7.703125,12.75,10.15299497520833,8.506586202712427,1.2178142036558732,0.4427055233472598,0.7751086803086134,65.16716441350806,5.6875,10.825440978641153,0.5495590213588475
1980-08-01,0.0,20.625,11.875,16.75,10.709650039672852,2391900,0.3137254901960784,0.2728669866666403,0.5628092584643466,16.75,12.59375,9.15625,16.75,12.791796985124998,10.338455935443,1.8557220839302797,0.7253088354638639,1.1304132484664158,70.62196758314766,6.33125,13.299716922501677,-0.6372169225016773
1980-11-01,0.0,18.25,11.5,11.625,7.432819843292236,1557000,-0.30597014925373134,-0.3652403067976554,0.5679268434670462,11.625,12.5,9.953125,11.625,12.325078191074999,10.624354616455665,1.9255277213654391,0.965352612644179,0.9601751087212601,58.07359209144313,6.75,13.93081210588329,-0.4308121058832892
1981-02-01,0.0,12.5,9.875,11.125,7.113124370574951,1006100,-0.043010752688172005,-0.04396312342111606,0.5605613859246983,11.125,13.0625,10.5234375,11.125,11.845046914645,10.735609146132184,1.9183893721039196,1.1559599645361271,0.7624294075677924,57.00931591580627,7.09375,14.419699170585337,-0.23219917058533746
1981-05-01,0.0,11.25,7.5,8.125,5.194979190826416,834300,-0.2696629213483146,-0.31424909983650273,0.5738090877665879,8.125,11.90625,10.8125,8.125,10.357028148786998,10.155473780325032,1.651618421860804,1.2550916560010625,0.39652676585974156,50.97325080528732,7.31875,14.479286380048634,0.15821361995136574
1981-08-01,8.0,9.625,7.375,7.375,4.715442180633545,907400,-0.09230769230769231,-0.09684982598991766,0.5704889885534218,7.375,9.5625,11.078125,7.375,9.164216889272199,9.53759071803058,1.3639589204240519,1.2768651088856604,0.08709381153839146,49.56049084734298,7.5125,14.455639599633583,0.569360400366417
1981-11-01,0.0,7.875,4.875,5.25,3.3567564487457275,1083100,-0.288135593220339,-0.3398678256223512,0.5918693594435332,5.25,7.96875,10.234375,5.25,7.598530133563319,8.584792780690451,0.9535253062451261,1.2121971483575538,-0.25867184211242766,45.69604674285399,7.60625,14.3717530300784,0.8407469699216001
1982-02-01,0.0,6.25,4.375,5.4375,3.476639986038208,799800,0.03571428571428581,0.03509131981127019,0.5913713235705643,5.4375,6.546875,9.8046875,5.4375,6.734118080137991,7.885394384981462,0.6360513885124037,1.096967996388524,-0.4609166078761202,46.09544294768428,7.596875,14.373843694593475,0.8199063054065245
1982-05-01,0.0,6.375,3.8125,5.8125,3.716409921646118,788800,0.06896551724137923,0.06669137449867214,0.5503791265429114,5.8125,5.96875,8.9375,5.8125,6.365470848082794,7.424751188318915,0.40998434312622756,0.9595712657360647,-0.5495869226098371,46.93603801872845,7.609375,14.372195579277555,0.8465544207224456
1982-08-01,0.0,10.5,5.8125,9.5,6.074129581451416,1632000,0.6344086021505377,0.4912810276930205,0.5884534063028902,9.5,6.5,8.03125,9.5,7.619282508849677,7.885917590914712,0.5223536455373283,0.8721277416963175,-0.34977409615898913,54.45692633481453,7.81875,14.543343389194622,1.0941566108053786
1982-11-01,0.0,16.5,9.5,16.25,10.389958381652832,2100100,0.7105263157894737,0.5368011101692514,0.6261166772710386,16.25,9.25,8.609375,16.25,11.071569505309807,9.744602570711443,1.1429010631467396,0.9262824059864019,0.21661865716033768,64.40277840955784,8.4,15.886383472678915,0.9136165273210857
1983-02-01,0.0,15.875,11.75,14.125,9.073473930358887,1870900,-0.13076923076923075,-0.14014663174324182,0.6262080874603524,14.125,11.421875,8.984375,14.125,12.292941703185885,10.718024221664455,1.4465447542863465,1.0303348756463908,0.41620987863995573,59.96317550263157,8.915625,16.48718723559577,1.3440627644042324
1983-05-01,16.125,16.875,14.0,15.625,10.037034034729004,1195500,0.10619469026548667,0.1009259185899605,0.6166248039980647,15.625,13.875,9.921875,15.625,13.62576502191153,11.808463283516797,1.7876155122528594,1.1817910029676846,0.6058245092851748,61.956757298589906,9.43125,17.347797148220618,1.5147028517793828
1983-08-01,0.0,17.0,11.5,11.5,7.387256622314453,999200,-0.264,-0.3065251602532608,0.6243347520193574,11.5,14.375,10.4375,11.5,12.775459013146918,11.73991588717973,1.7054046757622032,1.2865137375265885,0.41889093823561474,53.99441805861296,9.75,17.457950440940834,2.0420495590591656
1983-11-01,0.0,15.375,11.625,13.125,8.43110466003418,810600,0.14130434782608692,0.13217177310848302,0.6247111798228177,13.125,13.59375,11.421875,13.125,12.91527540788815,12.047712356695346,1.7511892947423195,1.379448848969735,0.3717404457725846,56.3730172734846,10.14375,17.694939889679638,2.5925601103203615
1984-02-01,0.0,16.125,13.375,13.625,8.824698448181152,1138400,0.03809523809523818,0.03738753207162041,0.6246530113827642,13.625,13.46875,12.4453125,13.625,13.199165244732889,12.398220721874157,1.8069899016954896,1.464957059514886,0.3420328421806036,57.107852314399906,10.496875,18.00556527777148,2.9881847222285165
1984-05-01,0.0,14.625,10.125,10.25,6.638765335083008,1115600,-0.24770642201834858,-0.28462863496489055,0.6344951668957957,10.25,12.125,13.0,10.25,12.019499146839735,11.920838339235456,1.5608850792035796,1.484142663452625,0.07674241575095464,50.87831417972186,10.71875,17.91646013934293,3.521039860657071
1984-08-01,11.625,13.125,10.75,10.875,7.043563365936279,716900,0.060975609756097615,0.059188871390330654,0.6314189210960177,10.875,11.96875,13.171875,10.875,11.56169948810384,11.688429819405354,1.4001375962916445,1.4673416500204288,-0.06720405372878435,51.92418394760592,11.0,17.746411082938838,4.253588917061161
1984-11-01,10.875,11.5,8.0,9.875,6.395878314971924,1136800,-0.09195402298850575,-0.09646026618756222,0.6312116392576321,9.875,11.15625,12.375,9.875,10.887019692862305,11.285445415093053,1.1784677724000527,1.4095668744963537,-0.2310991020963009,50.0866678501156,10.89375,17.640751648880784,4.146748351119218
1985-02-01,9.875,13.375,8.875,12.75,8.38534927368164,1577300,0.2911392405063291,0.25552496081724957,0.5331800502651335,12.75,10.9375,12.203125,12.75,11.632211815717383,11.610901989516819,1.2207097306342742,1.3717954457239379,-0.15108571508966362,55.0155293970748,11.0875,17.81401005351215,4.360989946487852
1985-05-01,12.625,14.25,11.375,14.0,9.207440376281738,1276700,0.0980392156862746,0.09352605801082355,0.516489908534559,14.0,11.875,12.0,14.0,12.57932708943043,12.14181265851308,1.339609159670955,1.3653581885133412,-0.02574902884238628,57.00354396692457,11.15,17.95985040217478,4.340149597825222
1985-08-01,14.0,15.375,12.5,14.0,9.207440376281738,1277700,0.0,0.0,0.4935239152165962,14.0,12.65625,12.3125,14.0,13.147596253658257,12.554743178843507,1.4174977817404795,1.375786107158769,0.041711674581710545,57.003543966924575,11.0125,17.46625375266209,4.5587462473379095
1985-11-01,14.0,18.875,13.875,18.375,12.084762573242188,1992300,0.3125,0.27193371548364176,0.4934273841066633,18.375,14.78125,12.96875,18.375,15.238557752194954,13.84813358354495,1.8113706590685617,1.4629030175407276,0.34846764152783405,63.543429818976875,11.35,18.558436897136577,4.141563102863423
1986-02-01,18.375,18.375,15.625,16.125,10.74139404296875,1647800,-0.12244897959183676,-0.13062018241706422,0.4694863416954298,16.125,15.625,13.28125,16.125,15.593134651316973,14.35410389831274,1.919830940062715,1.554288602045125,0.36554233801758995,58.60633765349498,11.6,19.100770793725133,4.099229206274865
1986-05-01,16.125,17.75,14.125,17.75,11.82386302947998,1015700,0.10077519379844957,0.09601465323958858,0.4698900287869479,17.75,16.5625,14.21875,17.75,16.455880790790182,15.108747476465465,2.1125581580488735,1.665942513245875,0.44661564480299853,60.965228033809474,12.08125,19.85843016057234,4.304069839427662
1986-08-01,17.75,25.25,17.5,19.375,12.906325340270996,3947900,0.09154929577464799,0.08759805931798598,0.4456207595622184,19.375,17.90625,15.28125,19.375,17.623528474474107,16.056803592806475,2.3691101589434567,1.8065760423853914,0.5625341165580653,63.2222889785357,12.68125,20.759277683166232,4.603222316833769
1986-11-01,19.375,23.125,18.5,21.75,14.488390922546387,3154800,0.1225806451612903,0.1156301822952824,0.44224283638067724,21.75,18.75,16.765625,21.75,19.274117084684462,17.321958349960592,2.732572721935581,1.9917753782954295,0.7407973436401514,66.29019991959424,13.50625,21.748566497805697,5.2639335021943
1987-02-01,21.75,38.375,21.125,28.0,18.848827362060547,4822700,0.28735632183908044,0.2525907526405108,0.41342734597985126,28.0,21.71875,18.671875,28.0,22.764470250810678,19.69485649441379,3.484771906935844,2.2903746840235124,1.1943972229123316,72.73566246055456,14.634375,24.2175858234923,5.051164176507699
1987-05-01,28.0,30.625,22.0,28.0,18.848827362060547,4435300,0.0,0.0,0.41441774093117695,28.0,24.28125,20.421875,28.0,24.85868215048641,21.540443940099614,4.034389252369831,2.6391775976927763,1.3952116546770545,72.73566246055456,15.74375,26.091598508264894,5.395901491735106
1987-08-01,28.375,29.625,13.625,15.625,10.518322944641113,3069500,-0.4419642857142857,-0.5833323145527387,0.5012009694620129,15.625,23.34375,20.625,15.625,21.165209290291845,20.225900842299698,3.431845699620162,2.7977112180782533,0.6341344815419085,50.54356540120091,16.05,25.99528782891677,6.104712171083232
1987-11-01,15.75,23.0,12.75,12.875,8.667097091674805,3136800,-0.17600000000000005,-0.1935847490726654,0.4694666014415884,12.875,21.125,19.9375,12.875,17.849125574175105,18.592367321788654,2.7012848454758895,2.7784259435577807,-0.07714109808189118,47.10416731656863,15.88125,25.921318164609243,5.841181835390756
1988-02-01,12.75,16.875,11.5,15.125,10.278475761413574,2294500,0.17475728155339798,0.16106155736710526,0.41381732728888754,15.125,17.90625,19.8125,15.125,16.759475344505063,17.821841250280066,2.277611414502733,2.6782630377467713,-0.40065162324403847,50.096319350553564,15.93125,25.94576290627757,5.916737093722432
1988-05-01,15.125,16.125,13.5,13.875,9.879979133605957,1315900,-0.0826446280991735,-0.08626034428440689,0.4110531848923915,13.875,14.375,19.328125,13.875,15.605685206703038,16.944765416884497,1.8200027558827045,2.5066109813739583,-0.6866082254912538,48.4563889256866,15.84375,25.89793911449352,5.789560885506479
1988-08-01,13.875,14.125,10.125,10.875,7.743769645690918,1610600,-0.21621621621621623,-0.24362208265775043,0.4208814934044767,10.875,13.1875,18.265625,10.875,13.713411124021825,15.595928657576831,1.2014204420820267,2.245572873515572,-1.0441524314335453,44.6763745399963,15.8125,25.924219685592554,5.700780314407444
1988-11-01,10.875,11.5,9.5,9.75,6.942686080932617,1249000,-0.10344827586206895,-0.10919929196499197,0.4030632178288084,9.75,12.40625,16.765625,9.75,12.128046674413095,14.296833400337535,0.6133411883398203,1.9191265364804218,-1.3057853481406014,43.31189952327506,15.64375,26.037941587131726,5.249558412868273
1989-02-01,9.75,11.0,8.5,8.625,6.141608238220215,1045700,-0.11538461538461542,-0.12260232209233239,0.4008040148678787,8.625,10.78125,14.34375,8.625,10.726828004647857,13.036425978040304,0.05586210135273717,1.546473649454885,-1.4906115481021478,41.932705912033725,15.39375,26.202390929830173,4.58510907016983
1989-05-01,8.625,8.75,7.0,7.75,5.682816505432129,1414800,-0.10144927536231885,-0.10697211955216783,0.40158275416172035,7.75,9.25,11.8125,7.75,9.536096802788714,11.861664649586903,-0.45134643804002295,1.1469096319559033,-1.5982560699959263,40.84332610296685,15.26875,26.366406002507915,4.171093997492084
1989-08-01,7.75,9.5,7.75,8.125,5.957789897918701,1224000,0.048387096774193505,0.04725288485054551,0.3855654117069449,8.125,8.5625,10.875,8.125,8.97165808167323,11.03129472745648,-0.8136739667603887,0.754792912212645,-1.5684668789730338,41.54423517081473,15.13125,26.50789136509541,3.7546086349045886
1989-11-01,8.125,10.375,8.0,9.75,7.149345397949219,3245000,0.19999999999999996,0.1823215567939546,0.393327438565561,9.75,8.5625,10.484375,9.75,9.282994849003938,10.746562565799485,-0.9586465437719536,0.4121050210157253,-1.370751564787679,44.60703974345728,15.125,26.513316381274272,3.736683618725726
1990-02-01,10.0,10.75,6.125,6.125,4.491257667541504,2391300,-0.3717948717948718,-0.4648885285789651,0.4383367567946333,6.125,7.9375,9.359375,6.125,8.019796909402363,9.719548662288489,-1.3504780893648114,0.05958839893961804,-1.4100664883044294,39.61997031443855,14.79375,26.807355568271333,2.780144431728665
1990-05-01,6.375,8.375,6.125,7.25,5.377641201019287,2076100,0.18367346938775508,0.16862271243579272,0.4292980528497126,7.25,7.8125,8.53125,7.25,7.711878145641418,9.170760070668825,-1.552334963098648,-0.26279627346803525,-1.289538689630613,41.794837362899194,14.45625,26.9112377057346,2.001262294265402
1990-08-01,7.25,8.25,4.625,4.875,3.6159987449645996,2175400,-0.3275862068965517,-0.3968813644167729,0.45324375991142235,4.875,7.0,7.78125,4.875,6.577126887384851,8.216146721631308,-1.8822531979260262,-0.5866876583596334,-1.2955655395663928,38.63128975942272,14.0,27.1382076403138,0.8617923596861967
1990-11-01,5.0,6.5,4.5,5.125,3.801435947418213,2784900,0.05128205128205132,0.050010420574661416,0.45479739255467705,5.125,5.84375,7.203125,5.125,5.996276132430911,7.529225227935461,-2.09934294660359,-0.8892187160084248,-1.2101242305951654,39.15338440508453,13.3375,26.857184722655333,-0.18218472265533237
1991-02-01,5.125,6.125,4.5,5.125,3.801435947418213,2167200,0.0,0.0,0.4325821004132845,5.125,5.59375,6.765625,5.125,5.647765679458546,6.9949529550609135,-2.2455033713896757,-1.160475647084675,-1.0850277243050006,39.15338440508453,12.7875,26.69817485782052,-1.123174857820521
1991-05-01,5.125,5.625,4.375,4.875,3.669703722000122,1778300,-0.04878048780487809,-0.05001042057466142,0.431465008843603,4.875,5.0,6.40625,4.875,5.338659407675127,6.52385229838071,-2.354369762644988,-1.3992544701967378,-0.9551152924482504,38.77084439085435,12.14375,26.26626637457008,-1.97876637457008
1991-08-01,4.875,5.0,3.5,3.75,2.822848081588745,1335600,-0.23076923076923073,-0.262364264467491,0.43425280734997107,3.75,4.71875,5.859375,3.75,4.703195644605076,5.90744067651833,-2.5025771089259896,-1.619918997942588,-0.8826581109834015,37.01809885599521,11.3625,25.527134658190093,-2.802134658190093
1991-11-01,3.75,5.25,3.5,4.5,3.387417793273926,2984000,0.19999999999999996,0.1823215567939546,0.4427590128064227,4.5,4.5625,5.203125,4.5,4.621917386763045,5.594676081736479,-2.530345518588586,-1.8020043020717877,-0.7283412165167982,38.99803356516391,10.5,24.119838471876236,-3.1198384718762355
1992-02-01,4.5,5.125,3.375,3.875,2.9169440269470215,1812000,-0.13888888888888884,-0.1495317339709637,0.43599041148210615,3.875,4.25,4.921875,3.875,4.323150432057827,5.212525841350594,-2.5731230985967315,-1.9562280613767769,-0.6168950372199546,37.92799740770768,9.29375,20.57240101641149,-1.9849010164114915
1992-05-01,3.625,5.8125,3.5,5.0,3.835716724395752,2986300,0.29032258064516125,0.25489224962879004,0.4363279545563893,5.0,4.28125,4.640625,5.0,4.593890259234696,5.165297876606017,-2.4875713667102737,-2.062496722443476,-0.42507464426679764,41.062746782715124,8.14375,15.601663163211274,0.6858368367887264
1992-08-01,5.125,5.125,4.0625,4.25,3.260359287261963,1767400,-0.15000000000000002,-0.16251892949777494,0.4359981738235378,4.25,4.40625,4.5625,4.25,4.456334155540818,4.961898348471347,-2.452024324728459,-2.140402242900473,-0.311622081827986,39.62599842391861,7.575,14.369483056127228,0.7805169438727724
1992-11-01,4.5,4.875,3.75,4.0,3.0685744285583496,2155200,-0.05882352941176472,-0.060624621816434854,0.3760031536812446,4.0,4.28125,4.421875,4.0,4.27380049332449,4.748143159922158,-2.416173800956628,-2.195556554511704,-0.22061724644492386,39.13446221952406,7.13125,13.636284108288748,0.6262158917112517
1993-02-01,4.125,7.25,3.75,7.25,5.561789035797119,8136500,0.8125,0.5947071077466928,0.4641722518743532,7.25,5.125,4.6875,7.25,5.464280295994694,5.304111346606123,-2.10129178032677,-2.1767035996747173,0.07541181934794716,48.14046271978683,6.7375,12.115057531073006,1.3599424689269934
1993-05-01,7.5,13.25,7.125,13.25,10.362020492553711,20668700,0.8275862068965518,0.6029960835656478,0.5316063080884016,13.25,7.1875,5.734375,13.25,8.578568177596818,7.069864380693652,-1.352010518803926,-2.011764983500559,0.6597544646966331,59.928650483010586,6.70625,11.922375837247412,1.490124162752589
1993-08-01,13.25,15.625,8.625,15.25,11.926103591918945,24324400,0.15094339622641506,0.1405819506211894,0.5338822876076403,15.25,9.9375,7.171875,15.25,11.24714090655809,8.887672296095062,-0.5900151085646161,-1.7274150085133706,1.1373998999487545,62.95173127598731,6.925,13.100759062657804,0.7492409373421953
1993-11-01,15.25,16.375,11.125,11.375,8.895696640014648,15926200,-0.25409836065573765,-0.29316153821640645,0.538663244026242,11.375,11.78125,8.03125,11.375,11.298284543934855,9.440411785851715,-0.2954031477382095,-1.4410126363583384,1.145609488620129,54.39000603080818,7.00625,13.368479856740482,0.6440201432595183
1994-02-01,11.5,12.875,10.0,11.125,8.700189590454102,11223200,-0.02197802197802201,-0.022223136784710235,0.5365084251912839,11.125,12.75,8.9375,11.125,11.228970726360913,9.814764722329112,-0.0811584132133838,-1.1690417917293474,1.0878833785159636,53.88086145169168,7.13125,13.71032430798589,0.552175692014111
1994-05-01,10.875,12.75,10.5,12.125,9.562758445739746,5109900,0.0898876404494382,0.08607460877124298,0.5343173185748622,12.125,12.46875,9.828125,12.125,11.587382435816547,10.328150339589309,0.167394109997959,-0.9017546113838861,1.0691487213818451,55.6684976541107,7.35,14.2784738579286,0.42152614207140093
1994-08-01,12.125,14.75,11.75,12.875,10.154267311096191,9002300,0.061855670103092786,0.06001800972625295,0.5317111742837651,12.875,11.875,10.90625,12.875,12.10242946148993,10.894116930791684,0.42005042749974564,-0.6373936036071598,1.0574440311069053,57.01425980842001,7.5875,14.91983421224101,0.25516578775898946
1994-11-01,12.875,13.0,8.25,9.0,7.09813117980957,5545300,-0.30097087378640774,-0.35806286921358044,0.5558366076878252,9.0,11.28125,11.53125,9.0,10.861457676893957,10.473202057282421,0.30409682522907033,-0.44909551783991375,0.7531923430689841,48.77564806159655,7.55,14.845289576158029,0.2547104238419706
1995-02-01,9.125,12.625,9.0,11.5,9.161445617675781,5479400,0.2777777777777777,0.2451224580329849,0.56028132120881,11.5,11.375,12.0625,11.5,11.116874606136374,10.701379377886328,0.4092146943876127,-0.2774334753944085,0.6866481697820213,53.44923527454815,7.81875,15.278422831297629,0.3590771687023695
1995-05-01,11.5,14.5,11.375,13.5,10.754740715026855,8309000,0.17391304347826098,0.16034265007517948,0.5217549583208246,13.5,11.71875,12.09375,13.5,12.070124763681825,11.323295071689365,0.6464527435074068,-0.09265623161404546,0.7391089751214522,56.841682170103894,8.13125,15.982792444004236,0.27970755599576425
1995-08-01,13.625,14.5,10.875,11.0,8.76312255859375,4688300,-0.18518518518518523,-0.20479441264601328,0.5281002084595259,11.0,11.25,11.5625,11.0,11.642074858209096,11.251451722425063,0.6255258276496125,0.05098018023868614,0.5745456474109264,51.763539485586804,8.4375,16.234735086875347,0.6402649131246534
1995-11-01,11.0,17.0,10.875,16.375,13.04510498046875,7655500,0.48863636363636354,0.397860508722945,0.5170094076099165,16.375,13.09375,12.1875,16.375,13.535244914925457,12.390018006330605,1.0307765251667291,0.24693944922429475,0.7838370759424343,60.031193608998,9.0,17.362864341838865,0.6371356581611352
1996-02-01,16.75,19.5,15.5,18.25,14.753606796264648,12057100,0.11450381679389321,0.10840929850718496,0.517442166885073,18.25,14.78125,13.078125,18.25,15.421146948955274,13.692236227146026,1.4861065414531698,0.4947728676700698,0.9913336737831,62.4490750029505,9.65625,18.729519463098733,0.5829805369012657
1996-05-01,18.375,20.5,14.0,15.25,12.32835865020752,8151800,-0.1643835616438356,-0.17958557697507987,0.5270051399459653,15.25,15.21875,13.46875,15.25,15.352688169373163,14.03840595444691,1.5865946563049018,0.7131372253970363,0.8734574309078655,56.55409252620176,10.175,19.281796912196956,1.0682030878030453
1996-08-01,15.25,18.125,13.875,14.0,11.317841529846191,7745100,-0.08196721311475408,-0.085522173438162,0.5285283462229831,14.0,15.96875,13.609375,14.0,14.8116129016239,14.029871297903153,1.547528710319165,0.8800155223814621,0.667513187937703,54.25594815673601,10.6875,19.436964269313865,1.9380357306861349
1996-11-01,13.875,15.25,12.5,13.375,10.812578201293945,6340300,-0.044642857142857095,-0.04567003683318832,0.5119133164211286,13.375,15.21875,14.15625,13.375,14.23696774097434,13.884344342813563,1.4494282830047673,0.9938980745061232,0.4555302084986441,53.09419202472972,11.13125,19.471092249707127,2.7914077502928745
1997-02-01,13.5,14.75,9.375,10.0,8.142855644226074,9230500,-0.25233644859813087,-0.2908021997880246,0.5298255629242257,10.0,13.15625,13.96875,10.0,12.542180644584603,13.021156711077214,1.0868205033937173,1.012482560283642,0.07433794311007524,47.2148987811461,11.4375,19.112337131822407,3.7626628681775918
1997-05-01,10.0,11.5,8.0,8.5625,6.9723219871521,6312400,-0.14375000000000004,-0.15519288940570206,0.5302126269433297,8.5625,11.484375,13.3515625,8.5625,10.950308386750761,12.030344108615612,0.6756683056540744,0.9451197093577286,-0.26945140370365417,44.932670431461155,11.615625,18.83650131022025,4.3947486897797505
1997-08-01,8.5,10.4375,6.8125,7.125,5.80178689956665,4991600,-0.16788321167883213,-0.18378247743362947,0.5289116994632899,7.125,9.765625,12.8671875,7.125,9.420185032050457,10.940267640034365,0.23116822701869566,0.802329412889922,-0.5711611858712263,42.70941997740454,11.759375,18.48552209083142,5.03322790916858
1997-11-01,7.1875,7.25,4.3125,6.4375,5.241966247558594,8655600,-0.0964912280701754,-0.10146946016485965,0.5255965786474305,6.4375,8.03125,11.625,6.4375,8.227111019230275,9.939652608915617,-0.17456452093800934,0.6069506261243358,-0.7815151470623452,41.6480415032033,11.88125,18.110578314513532,5.651921685486468
1998-02-01,6.5,8.0,5.125,7.25,5.925621032714844,7334500,0.12621359223300965,0.11886120287672883,0.5259264112286679,7.25,7.34375,10.25,7.25,7.836266611538165,9.341952029156591,-0.42564214944040835,0.400432071011387,-0.8260742204517953,43.43705639285818,11.88125,18.110578314513532,5.651921685486468
1998-05-01,7.1875,7.3125,4.1875,4.25,3.473639488220215,4342400,-0.4137931034482759,-0.534082485930258,0.5139888535282783,4.25,6.265625,8.875,4.25,6.401759966922899,8.21040713378846,-0.8568210076751619,0.14898145527407725,-1.005802462949239,38.7170426474368,11.43125,18.450297745242942,4.4122022547570605
1998-08-01,4.1875,6.625,2.625,4.9375,4.035551071166992,10695900,0.16176470588235303,0.14994014729091487,0.4392694484914521,4.9375,5.71875,7.7421875,4.9375,5.81605598015374,7.483094437391024,-1.1300315546377142,-0.10682114670828106,-1.023210407929433,40.31757863069098,10.915625,18.24506851144751,3.5861814885524907
1998-11-01,4.9375,5.625,3.625,4.5,3.6779723167419434,5570000,-0.08860759493670889,-0.09278173345096621,0.4314626926115414,4.5,5.234375,6.6328125,4.5,5.289633588092244,6.820184562415241,-1.3661078343988287,-0.3586784842463906,-1.007429350152438,39.60864472402587,10.571875,18.410110113053193,2.7336398869468077
1999-02-01,4.625,6.4375,4.625,6.125,5.0275797843933105,5211000,0.36111111111111116,0.30830135965451666,0.4448933096874345,6.125,4.953125,6.1484375,6.125,5.623780152855346,6.665699104100742,-1.4058700725660973,-0.568116801910332,-0.8377532706557653,43.577144493871785,10.321875,18.38919671711901,2.254553282880991
1999-05-01,6.0,6.75,5.0625,5.375,4.411958694458008,4800400,-0.12244897959183676,-0.13062018241706422,0.4469473975327636,5.375,5.234375,5.75,5.375,5.524268091713207,6.378877080967245,-1.4808305717277346,-0.7506595558738125,-0.7301710158539221,42.198841519298874,9.984375,18.283177153774965,1.6855728462250354
1999-08-01,5.25,9.6875,5.25,7.9375,6.515332221984863,10088500,0.4767441860465116,0.3898397902050835,0.48007288653446,7.9375,5.984375,5.8515625,7.9375,6.489560855027925,6.72523772964119,-1.3182687910512083,-0.8641814029092918,-0.4540873881419165,48.22441309265792,9.7375,17.97115805702423,1.5038419429757717
1999-11-01,7.8125,8.125,6.375,6.4375,5.284089088439941,6418600,-0.1889763779527559,-0.2094580982289555,0.48519150448988196,6.4375,6.46875,5.8515625,6.4375,6.468736513016755,6.661296011943148,-1.2955406860647418,-0.9504532595403818,-0.34508742652436,45.250699923680244,9.609375,17.963815716618917,1.2549342833810826
2000-02-01,6.4375,7.9375,5.375,5.375,4.411958694458008,7234000,-0.16504854368932043,-0.18038169197612808,0.46811909392155077,5.375,6.28125,5.6171875,5.375,6.0312419078100525,6.37545245373356,-1.3477276045389948,-1.0299081285401046,-0.31781947599889016,43.21779488505583,9.303125,17.80563152381402,0.8006184761859796
2000-05-01,5.375,7.125,5.25,5.9375,4.886704921722412,7397800,0.10465116279069764,0.09952959534703307,0.4560963940899859,5.9375,6.421875,5.828125,5.9375,5.993745144686031,6.278129686237214,-1.3283842773659567,-1.089603358305275,-0.23878091906068155,44.63586779193026,8.925,17.319250264317834,0.5307497356821678
2000-08-01,6.0,6.1875,4.875,5.3125,4.372314453125,5168600,-0.10526315789473684,-0.11122563511022437,0.44895173025076496,5.3125,5.765625,5.875,5.3125,5.721247086811618,6.063545311517832,-1.3479485164484366,-1.1412723899339074,-0.20667612651452916,43.340704734810735,8.640625,17.11935528156339,0.16189471843660996
2000-11-01,5.3125,6.875,4.875,6.099999904632568,5.02044677734375,7149200,0.14823527616613053,0.13822622129472506,0.44938223774823133,6.099999904632568,5.681249976158142,6.074999988079071,6.099999904632568,5.872748213939999,6.071646332209996,-1.2850948821241523,-1.1700368883719565,-0.11505799375219583,45.48702975185375,8.126874995231628,15.883159851064292,0.37059013939896346
2001-02-01,6.170000076293945,7.989999771118164,5.210000038146973,7.550000190734863,6.213830471038818,10853700,0.23770496865108326,0.21325883297856865,0.42210486911679534,7.550000190734863,6.225000023841858,6.253125011920929,7.550000190734863,6.5436490046579445,6.400169411882189,-1.1055360873134994,-1.1571367281602651,0.051600640846765744,49.2956836751224,7.591875004768371,13.803644458089682,1.3801055514470617
2001-05-01,7.53000020980835,9.630000114440918,7.260000228881836,8.289999961853027,6.843387126922607,17522400,0.09801321224154003,0.0935023760218099,0.4211743492994075,8.289999961853027,6.813125014305115,6.617500007152557,8.289999961853027,7.242189387535977,6.820131756320153,-0.8932260972465711,-1.1043546019775263,0.21112850473095524,51.17068042479263,7.243875002861023,12.388752429829353,2.0989975758926933
2001-08-01,8.390000343322754,11.75,8.109999656677246,9.729999542236328,8.032106399536133,18526100,0.17370320711816079,0.16016388460564782,0.42420220447493545,9.729999542236328,7.917499899864197,6.841562449932098,9.729999542236328,8.237313449416117,7.466769042079303,-0.6018353852576146,-1.003850758633544,0.4020153733759293,54.68253601960428,7.030374979972839,11.31926210242067,2.7414878575250086
2001-11-01,9.800000190734863,12.34000015258789,8.600000381469727,11.489999771118164,9.484987258911133,19190700,0.18088389637039182,0.16626322278928746,0.4304616759074777,11.489999771118164,9.264999866485596,7.473124921321869,11.489999771118164,9.538387978096935,8.36082031519905,-0.22628041731833903,-0.848336690370503,0.6220562730521639,58.60153588331321,6.936124968528747,10.715783394508355,3.1564665425491394
2002-02-01,11.600000381469727,15.149999618530273,11.210000038146973,13.890000343322754,11.466184616088867,37204800,0.20887733855638113,0.18969210954293908,0.43828646980338865,13.890000343322754,10.849999904632568,8.537499964237213,13.890000343322754,11.279032924187263,9.589526988115429,0.26198953673950065,-0.6262714449485023,0.8882609816880029,63.26656631087373,7.130624985694885,11.813392041005969,2.447857930383801
2002-05-01,13.800000190734863,17.979999542236328,9.949999809265137,11.539999961853027,9.542021751403809,54119800,-0.16918648836459005,-0.18534992370918973,0.42703375610566663,11.539999961853027,11.662499904632568,9.237812459468842,11.539999961853027,11.383419739253569,10.022965426723784,0.45408716790131187,-0.4101997223785394,0.8642868902798513,56.54727868251775,7.279499983787536,12.311211080306707,2.2477888872683653
2002-08-01,10.75,16.950000762939453,10.75,12.09000015258789,9.996796607971191,46872400,0.047660328644103966,0.04655941947337793,0.4210578716030331,12.09000015258789,12.252500057220459,10.084999978542328,12.09000015258789,11.666051904587299,10.482306476915808,0.643290886529428,-0.19950160059694597,0.842792487126374,57.68012992165893,7.527749991416931,12.977063032479057,2.0784369503548046
2002-11-01,12.399999618530273,16.469999313354492,10.5600004196167,14.569999694824219,12.047419548034668,64235900,0.20512816467628237,0.1865859220139225,0.41704369765706334,14.569999694824219,13.022500038146973,11.143749952316284,14.569999694824219,12.827631020682066,11.39068274756212,0.9820311892622797,0.036804957374899167,0.9452262318873805,62.43572004368339,7.934374976158142,14.156477858214792,1.7122720941014906
2003-02-01,14.609999656677246,15.199999809265137,9.720000267028809,10.020000457763672,8.285185813903809,57801100,-0.3122854723653061,-0.37438145791990896,0.44891838982298693,10.020000457763672,12.055000066757202,11.452499985694885,10.020000457763672,11.704578795514708,11.086086683162467,0.8732718726149589,0.20409834042291114,0.6691735321920478,51.09195937271307,8.072874999046325,14.350942230117026,1.794807767975625
2003-05-01,10.1899995803833,12.779999732971191,10.130000114440918,12.010000228881836,9.95301342010498,52149600,0.19860276249551245,0.18115651380778214,0.4522747735707698,12.010000228881836,12.172500133514404,11.917500019073486,12.010000228881836,11.82674736886156,11.291400804433437,0.9368561860703295,0.35064990955239483,0.5862062765179347,54.94736856887778,8.460875010490417,14.70501374099089,2.216736279989945
2003-08-01,12.0,14.899999618530273,10.520000457763672,10.869999885559082,9.008261680603027,70704500,-0.09492092602806645,-0.0997329645445223,0.38265735881757823,10.869999885559082,11.867500066757202,12.06000006198883,10.869999885559082,11.444048375540568,11.197756155794691,0.8850563337709225,0.45753119439610035,0.42752513937482217,52.39906931526177,8.75750000476837,14.86612220430238,2.6488778052343616
2003-11-01,10.869999885559082,13.800000190734863,10.109999656677246,12.75,10.566271781921387,67914400,0.17295309422574312,0.15952458099946037,0.3831807735505501,12.75,11.412500143051147,12.21750009059906,12.75,11.966429025324341,11.542699232284761,0.9843578109416509,0.5628965177052105,0.4214612932364403,56.0213569263493,9.170000004768372,15.186426698488166,3.1535733110485786
2004-02-01,12.600000381469727,15.069999694824219,11.65999984741211,12.119999885559082,10.044171333312988,56756400,-0.049411773681640625,-0.05067430040558677,0.38070486298179035,12.119999885559082,11.9375,11.996250033378601,12.119999885559082,12.02785736941824,11.67098826634572,1.000683941351447,0.6504540024344578,0.35022993891698917,54.524009074510616,9.469749999046325,15.446712837993104,3.492787160099547
2004-05-01,12.260000228881836,14.680000305175781,11.470000267028809,13.229999542236328,10.988513946533203,34154500,0.09158413095364826,0.08762997232758653,0.3630684017886627,13.229999542236328,12.242499828338623,12.207499980926514,13.229999542236328,12.508714238545474,12.017435216543632,1.0906182447253787,0.738486850892642,0.3521313938327367,56.719002582261744,9.862499976158142,15.74311001377665,3.9818899385396342
2004-08-01,13.300000190734863,15.869999885559082,12.470000267028809,15.449999809265137,12.832391738891602,35413500,0.1678004795042911,0.15512204747202074,0.3583570450385066,15.449999809265137,13.387499809265137,12.62749993801117,15.449999809265137,13.68522846683334,12.78022734825952,1.3257449339724943,0.8559384675086126,0.4698064664638817,60.79477465291181,10.238124966621399,16.52462667870657,3.9516232545362264
2004-11-01,15.550000190734863,16.729999542236328,12.640000343322754,12.739999771118164,10.581536293029785,42795400,-0.17540453537881762,-0.19286235882004585,0.3385827207083275,12.739999771118164,13.384999752044678,12.398749947547913,12.739999771118164,13.30713698854727,12.771287886672553,1.2786704574452887,0.9404848654959479,0.33818559194934084,54.097600610038484,10.553249955177307,16.675815938692253,4.430683971662362
2005-02-01,12.699999809265137,15.760000228881836,11.970000267028809,13.149999618530273,10.92206859588623,42175300,0.03218209221177437,0.03167509743625853,0.3222973410220633,13.149999618530273,13.642499685287476,12.789999842643738,13.149999618530273,13.244282040540472,12.855446049307602,1.2599235424959332,1.004372600895945,0.25555094159998815,54.90694630402052,10.941999936103821,16.674981296179823,5.209018576027819
2005-05-01,13.119999885559082,13.859999656677246,10.800000190734863,12.220000267028809,10.171076774597168,42062400,-0.0707223861961912,-0.07334775401943477,0.31178820621646247,12.220000267028809,13.389999866485596,12.81624984741211,12.220000267028809,12.834569331135807,12.71423587546787,1.1566897031138907,1.0348360213395342,0.12185368177435651,52.63971496485184,11.25612494945526,16.527749957553137,5.984499941357384
2005-08-01,12.279999732971191,15.350000381469727,12.1899995803833,13.65999984741211,11.369630813598633,49781500,0.11783957028778569,0.1113978673769937,0.3122668864020486,13.65999984741211,12.942499876022339,13.164999842643738,13.65999984741211,13.164741537646329,12.924405647011033,1.1774986022825935,1.063368537528146,0.11413006475444742,55.690619553429535,11.673499941825867,16.27606554005752,7.070934343594213
2005-11-01,13.65999984741211,25.700000762939453,13.529999732971191,24.520000457763672,20.40874481201172,83354500,0.7950220154950436,0.5850172867647747,0.38134443700711723,24.520000457763672,15.887500047683716,14.636249899864197,24.520000457763672,17.70684510569327,15.501204493844954,2.0467079183854633,1.2600364136996096,0.7866715046858537,70.9103044738589,12.594499969482422,19.27165358839305,5.917346350571793
2006-02-01,24.780000686645508,36.86000061035156,22.520000457763672,36.86000061035156,30.679698944091797,106304000,0.5032626395682112,0.40763783906331763,0.4065738821290696,36.86000061035156,21.815000295639038,17.728749990463257,36.86000061035156,25.368107307556585,20.24760363084642,3.6887755381210994,1.7457842385839077,1.9429912995371916,79.51891336902001,14.059999990463258,26.25291300874561,1.8670869721809034
2006-05-01,37.45000076293945,41.70000076293945,25.489999771118164,35.790000915527344,29.823585510253906,140047700,-0.029028748700664075,-0.02945841844185062,0.4052047467594964,35.790000915527344,27.707500457763672,20.548750162124634,35.790000915527344,29.53686475074489,23.701469694108848,4.847902323932317,2.36620785565359,2.481694468278727,77.38056303231258,15.435000038146972,30.56393375211053,0.30606632418341384
2006-08-01,35.790000915527344,41.20000076293945,27.239999771118164,36.970001220703125,30.806867599487305,133657300,0.0329701110642846,0.03243825560881939,0.40548242006561724,36.970001220703125,33.535000801086426,23.238750338554382,36.970001220703125,32.51011933872818,26.650032255574246,5.794934418938805,3.051953168310633,2.742981250628172,78.08059884233884,16.797000122070312,34.33855955850427,-0.7445593143636486
2006-11-01,37.66999816894531,45.66999816894531,35.68000030517578,40.25,33.54008102416992,138490700,0.0887205483093163,0.08500319789728406,0.40360043602276835,40.25,37.46750068664551,26.677500367164612,40.25,35.60607160323691,29.672247309891084,6.732524317147753,3.7880673980780575,2.9444569190696956,79.9391089656173,18.235000133514404,38.33004234397331,-1.8600420769445023
2007-02-01,40.91999816894531,42.029998779296875,34.47999954223633,35.279998779296875,29.493616104125977,129113100,-0.12347829119759313,-0.13179380732641108,0.409643601841304,35.279998779296875,37.072500228881836,29.443750262260437,35.279998779296875,35.4756424736609,30.918414303092373,6.993912039538586,4.429236326370163,2.5646757131684224,70.22318188570706,19.30450005531311,40.60158887610755,-1.9925887654813295
2007-05-01,34.86000061035156,45.2400016784668,33.25,42.540000915527344,35.562870025634766,114717200,0.205782380596079,0.18712863475549402,0.4094825947098176,42.540000915527344,38.760000228881836,33.233750343322754,42.540000915527344,38.30138585040748,33.5009891058557,7.698145758381262,5.083018212772384,2.6151275456088783,75.00268956413608,20.854500102996827,44.08973626177655,-2.3807360557828936
2007-08-01,42.0,57.34000015258789,34.2400016784668,56.88999938964844,47.559288024902344,149265000,0.337329529038239,0.2906747367402743,0.40682337524261175,56.88999938964844,43.739999771118164,38.637500286102295,56.88999938964844,45.73683126610386,38.698546946698535,9.306896889217729,5.927793948061454,3.379102941156275,81.36848671814137,23.094500064849854,50.7378347032282,-4.548834573528495
2007-11-01,55.70000076293945,65.04000091552734,45.54999923706055,63.08000183105469,52.734039306640625,154742900,0.10880651270551023,0.1032842230884076,0.4067597500657904,63.08000183105469,49.447500228881836,43.45750045776367,63.08000183105469,52.674099492084196,44.116648032111016,10.955042307401584,6.933243619929479,4.021798687472105,83.33942549461345,25.520000171661376,57.85970326003431,-6.8197029167115595
2008-02-01,63.7400016784668,83.44999694824219,58.40999984741211,62.45000076293945,52.207366943359375,185375800,-0.009987334334620734,-0.010037542333945665,0.4054420741657713,62.45000076293945,56.24000072479248,46.65625047683716,62.45000076293945,56.5844600004263,48.19072641673956,12.07122404775409,7.9608397054944025,4.110384342259687,82.38420396579723,28.141500186920165,63.39887299080765,-7.115872616967319
2008-05-01,61.2400016784668,80.79000091552734,52.95000076293945,54.650001525878906,45.80012893676758,176961600,-0.1248999061932663,-0.13341700624491262,0.366316507984005,54.650001525878906,59.26750087738037,49.0137505531311,54.650001525878906,55.81067661060734,49.62612088543719,12.185939443105159,8.805859653016554,3.3800797900886046,71.46295019398194,30.27350025177002,66.51430198675517,-5.9673014832151345
2008-08-01,54.58000183105469,67.38999938964844,20.8700008392334,27.649999618530273,23.172439575195312,335267400,-0.49405308606557086,-0.6813235283715083,0.4859528881957663,27.649999618530273,51.95750093460083,47.8487503528595,27.649999618530273,44.54640581377651,44.7425383816801,9.983098766590516,9.041307475731347,0.9417912908591681,47.82763591306607,31.11250023841858,66.27864037785285,-4.053639901015689
2008-11-01,28.700000762939453,59.189998626708984,24.899999618530273,53.040000915527344,44.45085906982422,317907200,0.91826407404293,0.6514206489667103,0.5464461306418453,53.040000915527344,49.447500705718994,49.447500467300415,53.040000915527344,47.94384385447684,46.58641894475726,10.16887214325157,9.266820409235393,0.902051734016176,60.91775403702192,33.12700028419495,68.47033550819913,-2.2163349398092365
2009-02-01,51.310001373291016,58.88999938964844,42.650001525878906,44.11000061035156,36.966941833496094,302031500,-0.16836350209340856,-0.18435983518479837,0.5559185240018594,44.11000061035156,44.86250066757202,50.55125069618225,44.11000061035156,46.410306556826725,46.03610375933378,9.486171805541773,9.310690688496669,0.17548111704510383,55.63095281586017,34.72650032043457,69.00162525639689,0.451375384472243
2009-05-01,43.9900016784668,63.290000915527344,43.290000915527344,58.54999923706055,49.26124954223633,194074900,0.3273633739946098,0.2831945490592814,0.5615194643474511,58.54999923706055,45.83750009536743,52.5525004863739,58.54999923706055,51.26618362892026,48.816969421050835,9.99509682393348,9.447571915584032,0.5475249083494482,61.456079176809375,36.99250030517578,71.2756897226894,2.7093108876621628
2009-08-01,59.58000183105469,74.0,51.380001068115234,53.529998779296875,45.037654876708984,262233600,-0.0857386938202751,-0.08963885541196734,0.565819594780356,53.529998779296875,52.30749988555908,52.132500410079956,53.529998779296875,52.17170968907091,49.864309278438846,9.879467137165975,9.533950959900421,0.3455161772655533,58.576873283177186,38.89650025367737,72.40348637679192,5.389514130562816
2009-11-01,54.880001068115234,68.43000030517578,50.61000061035156,50.66999816894531,42.631378173828125,233343400,-0.05342799692828859,-0.0549082382502383,0.56662873022941,50.66999816894531,51.714999198913574,50.581249952316284,50.66999816894531,51.57102508102067,50.04335125410695,9.448139360813919,9.51678864008312,-0.06864927926920217,56.94015632992621,40.79300017356873,72.40347024921518,9.182530097922282
2010-02-01,51.150001525878906,66.05000305175781,49.63999938964844,63.15999984741211,53.139892578125,177811200,0.24649698302380596,0.22033720362058895,0.5592665726740936,63.15999984741211,56.47749900817871,50.669999837875366,63.15999984741211,56.20661498757725,52.95816205261921,9.99888679972274,9.613208272011045,0.3856785277116952,61.941433006678814,43.29350018501282,73.64875106717787,12.938249302847762
2010-05-01,63.91999816894531,66.80000305175781,54.119998931884766,55.75,47.04871368408203,169355100,-0.11732108716456435,-0.12479377663131876,0.5655761943709239,55.75,55.777499198913574,50.8074996471405,55.75,56.023968992546344,53.57857048537049,9.72532555406319,9.635631728421474,0.08969382564171546,57.662437644333714,45.470000171661376,72.68053205637878,18.259468286943974
2010-08-01,56.5,78.27999877929688,54.75,77.58999633789062,65.47998046875,137322700,0.3917488132357063,0.3305610953674153,0.5723649708994647,77.58999633789062,61.79249858856201,57.04999923706055,77.58999633789062,64.65037993068407,58.91444289704164,11.142388952035581,9.936983173144295,1.2054057788912864,65.2763084396395,48.6664999961853,75.19019143524531,22.1428085571253
2010-11-01,77.94999694824219,88.19999694824219,66.79000091552734,68.44000244140625,57.758094787597656,151222600,-0.11792749488784326,-0.12548102101143843,0.5793710289311444,68.44000244140625,66.23499965667725,58.97499942779541,68.44000244140625,66.16622893497293,61.03123390690044,11.395730973496278,10.228732733214692,1.1669982402815862,60.37732002943233,50.86250009536743,76.27517672752222,25.449823463212645
2011-02-01,69.0,76.48999786376953,62.61000061035156,69.58000183105469,58.72017288208008,146248900,0.016656916262158594,0.016519711343409613,0.5331236624292586,69.58000183105469,67.84000015258789,62.1587495803833,69.58000183105469,67.53173809340564,62.930960112268046,11.555292554458852,10.494044697463524,1.0612478569953279,60.77233340312615,52.498500156402585,78.30456775088808,26.69243256191708
2011-05-01,68.69999694824219,69.44000244140625,55.68000030517578,55.75,47.15818405151367,120852900,-0.19876403373249307,-0.22159978569938643,0.5198436641666455,55.75,67.84000015258789,61.80874967575073,55.75,62.81904285604338,61.3351911984307,10.445372934166372,10.484310344804094,-0.038937410637721825,53.76903691774183,53.49650011062622,78.15920008298835,28.833800138264102
2011-08-01,56.099998474121094,73.08999633789062,42.209999084472656,43.38999938964844,36.79427719116211,171479200,-0.2217040468224496,-0.2506484245966102,0.5322172050383281,43.38999938964844,59.290000915527344,60.54124975204468,43.38999938964844,55.047425469485404,57.34737079647908,8.470759246397307,10.081600125122737,-1.6108408787254298,48.40081775328419,53.817500019073485,77.76827963926031,29.866720398886656
2011-11-01,42.119998931884766,47.68000030517578,34.029998779296875,37.400001525878906,31.78877830505371,111833800,-0.13805019469990054,-0.1485582405242314,0.5362775026272009,37.400001525878906,51.53000068664551,58.88250017166138,37.400001525878906,47.98845589204281,52.91462206967905,6.349329783982412,9.335146056894674,-2.9858162729122615,46.00373025231386,53.67500009536743,77.9782932776304,29.371706913104465
2012-02-01,37.66999816894531,40.18000030517578,31.420000076293945,39.91999816894531,34.063926696777344,148778800,0.06737958663778931,0.06520666035577223,0.5357497095806508,39.91999816894531,44.114999771118164,55.97749996185303,39.91999816894531,44.76107280280381,50.026927869515994,4.81590951248905,8.43129874801355,-3.6153892355245,47.188723381180374,53.90700006484985,77.58398391996109,30.230016209738626
2012-05-01,39.9900016784668,44.70000076293945,33.7400016784668,43.83000183105469,37.6069221496582,151113800,0.09794598801237053,0.09344115063184572,0.5338125550634161,43.83000183105469,41.135000228881836,54.48750019073486,43.83000183105469,44.388644414104164,48.64983319430237,3.871538828239572,7.519346764058755,-3.6478079358191824,49.056822804732576,53.97150011062622,77.53100707066721,30.411993150585236
2012-08-01,43.790000915527344,56.9900016784668,42.45000076293945,56.4900016784668,48.72199249267578,108523600,0.28884324249428106,0.25374510484280155,0.5387462616841672,56.4900016784668,44.410000801086426,51.850000858306885,56.4900016784668,49.22918731984922,50.392092857450024,4.0974416836412075,6.834965747975246,-2.737524064334038,54.65038125314252,53.951500225067136,77.50174036481184,30.401260085322434
2012-11-01,56.04999923706055,57.349998474121094,45.529998779296875,45.83000183105469,39.699623107910156,90432700,-0.18870595734953843,-0.20912472257558445,0.5317797486168288,45.83000183105469,46.51750087738037,49.02375078201294,45.83000183105469,47.869513124331405,49.3782948515844,3.3773662499470447,6.1434458483696055,-2.766079598422561,49.70178190189971,53.08900022506714,76.50190317532788,29.6760972748064
2013-02-01,46.47999954223633,46.9900016784668,30.360000610351562,32.290000915527344,28.07115364074707,103713600,-0.29543967651235303,-0.3501813253507603,0.5481531021379799,32.290000915527344,44.61000156402588,44.36250066757202,32.290000915527344,41.63770824080978,45.580896199127274,1.694602047951463,5.253677088285977,-3.5590750403345144,44.224128377947,51.58100023269653,76.23990890465538,26.922091560737677
2013-05-01,31.610000610351562,33.560001373291016,25.0,28.40999984741211,24.828393936157227,126685700,-0.12016107024169986,-0.12801642262828666,0.54955869985484,28.40999984741211,40.755001068115234,40.945000648498535,28.40999984741211,36.346624883450716,41.765141454301684,0.04736958741636954,4.212415588112056,-4.165046000695686,42.76949173563923,50.269000148773195,76.85229749869966,23.68570279884673
2013-08-01,28.540000915527344,33.91999816894531,23.770000457763672,29.530000686645508,25.993165969848633,129992600,0.0394227682241759,0.038665528513128745,0.5487250269928889,29.530000686645508,34.01500082015991,39.21250081062317,29.530000686645508,33.61997520472863,39.046221283711425,-1.154392183234009,3.139054033842843,-4.293446217076852,43.34875486633528,50.36300020217895,76.63720307676769,24.088797327590218
2013-11-01,29.100000381469727,31.670000076293945,24.8700008392334,31.079999923706055,27.55486297607422,134010500,0.05248896718656404,0.05115780403638327,0.46528583429111225,31.079999923706055,30.327500343322754,38.42250061035156,31.079999923706055,32.603985092319604,37.2759498703769,-1.9591412987844947,2.1194149673173754,-4.07855626610187,44.19064058340165,49.26500015258789,76.80487803255501,21.725122272620762
2014-02-01,31.56999969482422,35.459999084472656,26.579999923706055,29.559999465942383,26.426559448242188,145114400,-0.04890606375466244,-0.05014244503158749,0.3649183445834554,29.559999465942383,29.644999980926514,37.127500772476196,29.559999465942383,31.386390841768716,35.561294224947005,-2.688569943794839,1.1578179850949328,-3.8463879288897718,43.50781795905003,48.537500095367434,77.32413683303668,19.750863357698197
2014-05-01,29.34000015258789,42.40999984741211,28.969999313354492,37.189998626708984,33.32858657836914,121803500,0.25811905611018426,0.22961779299752727,0.3735907985987339,37.189998626708984,31.839999675750732,36.29750037193298,37.189998626708984,33.70783395574482,35.92322853644967,-2.620759747501957,0.40210243857555494,-3.0228621860775116,47.86284068033768,47.46950006484985,76.27594185326839,18.66305827643132
2014-08-01,37.58000183105469,40.400001525878906,22.200000762939453,23.5,21.1168155670166,149320000,-0.36810968357705576,-0.45903944986051304,0.3964039074925097,23.5,30.332499504089355,32.173750162124634,23.5,29.624700373446892,33.1625110839053,-3.629845555414498,-0.40428716022245564,-3.225558395192042,41.65758398828343,45.96800012588501,76.43691113335137,15.499089118418649
2014-11-01,23.790000915527344,34.36000061035156,21.649999618530273,33.720001220703125,30.365753173828125,201713000,0.4348936689660905,0.3610907481847011,0.43134969700550924,33.720001220703125,30.992499828338623,30.66000008583069,33.720001220703125,31.262820712349384,33.286397780971484,-3.563803335399122,-1.036190395257789,-2.5276129401413328,47.164624895662364,45.1205002784729,75.95980072988277,14.281199827063027
2015-02-01,32.970001220703125,34.779998779296875,26.899999618530273,30.299999237060547,27.452390670776367,141584600,-0.10142354269971954,-0.10694348199901112,0.43267302153672565,30.299999237060547,31.177499771118164,30.41124987602234,30.299999237060547,30.87769212223385,32.62275366010238,-3.7442683829665455,-1.5778059927995405,-2.166462390167005,45.61301422042822,43.47750024795532,73.79431731728758,13.16068317862306
2015-05-01,31.100000381469727,34.88999938964844,21.399999618530273,22.1299991607666,20.10027313232422,138049300,-0.2696369730036512,-0.3142135711957286,0.43495571507478625,22.1299991607666,27.41249990463257,29.62624979019165,22.1299991607666,27.37861493764695,30.291030438027764,-4.494726550161438,-2.1611901042719204,-2.333536445889518,42.053816039941815,41.79650020599365,72.92248072310785,10.670519688879455
2015-08-01,21.959999084472656,30.690000534057617,21.0,28.290000915527344,25.760986328125,238159000,0.2783552638213185,0.24557430153562562,0.4511197656775779,28.290000915527344,28.610000133514404,29.47124981880188,28.290000915527344,27.743169328799105,29.84635721080545,-4.5400742443057425,-2.636966932278685,-1.9031073120270574,45.506460617043885,39.33150043487549,66.25309026930337,12.4099106004476
2015-11-01,28.030000686645508,30.290000915527344,24.799999237060547,29.440000534057617,26.899755477905273,147731600,0.04065039170426754,0.03984589432551916,0.42267467655684726,29.440000534057617,27.539999961853027,29.266249895095825,29.440000534057617,28.42190181090251,29.75605572708371,-4.4321264653701675,-2.995998838896982,-1.4361276264731857,46.151523417434085,37.38150033950806,61.03883269060322,13.724167988412894
2016-02-01,29.889999389648438,47.33000183105469,28.950000762939453,47.209999084472656,43.266151428222656,185891000,0.6036004832900002,0.4722514031643187,0.47476554877395116,47.209999084472656,31.767499923706055,31.47249984741211,47.209999084472656,35.93714072033057,33.63470980650347,-2.879493689072767,-2.972697808932139,0.09320411985937227,55.01320966170138,36.26300020217896,55.41075154788744,17.115248856470476
2016-05-01,47.380001068115234,58.529998779296875,42.709999084472656,58.13999938964844,53.402976989746094,152742000,0.23151875698236668,0.20824816946722882,0.4843231849650829,58.13999938964844,40.769999980926514,34.09124994277954,58.13999938964844,44.81828418805772,39.08032971386902,-0.7583199090642339,-2.529822228958558,1.7715023198943243,59.435126210942585,36.38250017166138,56.038319846554316,16.726680496768438
2016-08-01,58.04999923706055,60.099998474121094,43.93000030517578,50.79999923706055,46.828704833984375,121648100,-0.12624699397390682,-0.13495754506682403,0.47843370743961217,50.79999923706055,46.397499561309814,37.50374984741211,50.79999923706055,47.210970207658846,41.68470071902269,0.326683124742452,-1.9585211582183562,2.285204282960808,55.490509381793636,36.75300016403198,57.18713858278263,16.318861745281332
2016-11-01,51.72999954223633,53.16999816894531,35.04999923706055,47.70000076293945,44.0536994934082,126130300,-0.0610235929267402,-0.06296492567710975,0.46656665526658214,47.70000076293945,50.96249961853027,39.25124979019165,47.70000076293945,47.40658242977109,43.021434062115304,0.9257405165443799,-1.381668823265809,2.3074093398101887,53.86453156650928,37.26800012588501,58.253155720825845,16.28284453094418
2017-02-01,47.02000045776367,51.209999084472656,39.29999923706055,47.83000183105469,44.27877426147461,110450300,0.002725389225071817,0.0027216820859282593,0.4615351113324093,47.83000183105469,51.11750030517578,41.44250011444092,47.83000183105469,47.57595019028453,44.09000467743517,1.3949081820332125,-0.8263534222060046,2.221261604239217,53.92550303156153,37.66350030899048,59.126389933746346,16.20061068423461
2017-05-01,47.70000076293945,50.59000015258789,43.189998626708984,46.709999084472656,43.337554931640625,97255700,-0.02341632246927583,-0.02369484106098787,0.46112550225295784,46.709999084472656,48.260000228881836,44.515000104904175,46.709999084472656,47.229569747959786,44.67222565677683,1.6572483483494551,-0.3296330680949127,1.9868814164443678,53.272297321828596,37.807500171661374,59.47164952069634,16.14335082262641
2017-08-01,46.54999923706055,51.86000061035156,43.650001525878906,44.630001068115234,41.492183685302734,87137300,-0.04453003761776686,-0.045551952339921514,0.4599888093511526,44.630001068115234,46.71750068664551,46.55750012397766,44.630001068115234,46.18974227602196,44.66284241485203,1.6779737269407846,0.07188829091222676,1.606085436028558,52.0122413049316,37.2145001411438,57.39941782882789,17.02958245345971
2017-11-01,44.91999816894531,49.79999923706055,40.70000076293945,47.279998779296875,44.04218673706055,76383900,0.059377047899621616,0.05768104470539633,0.4468500746712784,47.279998779296875,46.61250019073486,48.78749990463257,47.279998779296875,46.62584487733193,45.244432718062,1.8864851802682523,0.4348076687834319,1.4516775114848204,53.52063892184628,37.286999988555905,57.60515334559709,16.968846631514726
2018-02-01,47.04999923706055,47.279998779296875,37.349998474121094,42.09000015258789,39.306800842285156,93770400,-0.10977154739228967,-0.11627716087149259,0.4406151958409999,42.09000015258789,45.177499771118164,48.14750003814697,42.09000015258789,44.81150698743431,44.5434477035122,1.614333463448098,0.6707128277163652,0.9436206357317327,50.1930089300725,37.776999950408936,58.062135349457876,17.491864551359992
2018-05-01,42.0,47.83000183105469,41.130001068115234,41.880001068115234,39.22246551513672,68135400,-0.0049892868546294045,-0.0050017749012358425,0.41260312625819223,41.880001068115234,43.97000026702881,46.11500024795532,41.880001068115234,43.63890461970668,43.95157067342398,1.365960157623121,0.8097622936977165,0.5561978639254046,50.05739109926747,38.45050001144409,58.337457905434874,18.563542117453306
2018-08-01,41.849998474121094,41.90999984741211,32.18000030517578,35.36000061035156,33.19671630859375,114820200,-0.15568291049370542,-0.16922715647600384,0.41563638939838254,35.36000061035156,41.65250015258789,44.1850004196167,35.36000061035156,40.32734301596463,42.04233288163011,0.6356851930939271,0.7749468735769587,-0.13926168048303156,45.90981806385827,38.74200000762939,58.26497060523934,19.219029410019445
2018-11-01,36.220001220703125,43.720001220703125,33.40999984741211,43.58000183105469,41.040531158447266,93817800,0.23246609385794903,0.20901711650189722,0.4240883181927716,43.58000183105469,40.727500915527344,43.6700005531311,43.58000183105469,41.628406542000654,42.384037092613355,0.7120147605064204,0.7623604509628511,-0.05034569045643067,51.37941077319354,39.367000102996826,58.66787790038704,20.066122305606616
2019-02-01,43.40999984741211,45.599998474121094,39.65999984741211,41.40999984741211,39.118221282958984,78318400,-0.04979352667434389,-0.051075977659745336,0.4248250172351033,41.40999984741211,40.5575008392334,42.86750030517578,41.40999984741211,41.54104386416523,42.16758437145752,0.5905974284677242,0.7280078464638258,-0.13741041799610154,49.943625342905705,39.95950012207031,58.74031416064385,21.178686083496768
2019-05-01,41.310001373291016,54.630001068115234,39.970001220703125,52.22999954223633,49.48490905761719,88413400,0.26128953718169123,0.23213463981115717,0.4336696203091646,52.22999954223633,43.14500045776367,43.55750036239624,52.22999954223633,45.816626135393676,44.40367663163059,1.3518733128852887,0.8527809397481183,0.49909237313717036,56.47482224536909,40.71150016784668,60.180346131939864,21.242654203753496
2019-08-01,51.43000030517578,64.87999725341797,51.220001220703125,61.470001220703125,58.416259765625,102982500,0.17690985562798578,0.16289223709361086,0.42863658740046195,61.470001220703125,49.67250061035156,45.66250038146973,61.470001220703125,52.077976169517456,48.19619320698004,2.6700027201797596,1.2162252958344468,1.4537774243453128,61.138057966814515,42.61000022888184,62.397740848601835,22.82225960916184
2019-11-01,60.77000045776367,63.619998931884766,56.79999923706055,61.81999969482422,58.8640022277832,75414900,0.005693809454541121,0.005677660990012116,0.37068010004618085,61.81999969482422,54.232500076293945,47.480000495910645,61.81999969482422,55.97478557964016,51.2237057598343,3.7002179150534005,1.7130238196782377,1.9871940953751628,61.30716286034027,44.01500015258789,65.03063669098658,22.999363614189193
2020-02-01,61.47999954223633,61.709999084472656,31.0,58.68000030517578,56.16346740722656,162325400,-0.05079261412405556,-0.05212797329198952,0.34465548462704165,58.68000030517578,58.55000019073486,49.55375051498413,58.68000030517578,57.05687146985441,52.88066010324352,4.214714564682694,2.213361968679129,2.0013525960035654,58.8336970504285,45.434000205993655,66.3862060655282,24.481794346459118
2020-05-01,57.77000045776367,79.55000305175781,55.41999816894531,79.48999786376953,76.37960815429688,102585200,0.3546352667070152,0.3035322422353581,0.35847498306099035,79.48999786376953,65.36499977111816,54.25500011444092,79.48999786376953,66.03012202742045,58.793846272249304,6.229836080437558,3.016656791030815,3.213179289406743,68.03742218857197,48.3020001411438,71.31156637387247,25.292433908415138
2020-08-01,79.26000213623047,89.2300033569336,73.69000244140625,79.29000091552734,76.42781829833984,77166900,-0.002516001429323733,-0.002519171879941924,0.32150438160578804,79.29000091552734,69.81999969482422,59.74625015258789,79.29000091552734,71.33407358266321,63.34854730408887,7.721685533315203,3.9576625394876928,3.76402299382751,67.88034907070626,50.8520001411438,75.65896194656752,26.045038335720076
2020-11-01,80.1500015258789,84.43000030517578,62.290000915527344,69.8499984741211,67.49858856201172,74456800,-0.11905665698583212,-0.12676196497298547,0.3198454565220857,69.8499984741211,71.82749938964844,63.02999973297119,69.8499984741211,70.74044353924636,64.79331423076269,8.049468408097873,4.776023713209729,3.273444694888144,60.75113242007468,52.872500038146974,76.94625581861841,28.79874425767554
2021-02-01,72.0,73.5,54.65999984741211,62.439998626708984,60.665916442871094,87169800,-0.10608446684730366,-0.11214399020442882,0.3266140018546839,62.439998626708984,72.76749897003174,65.6587495803833,62.439998626708984,67.42026557423141,64.27035520763964,7.623435420078785,5.345506054583541,2.277929365495244,55.79729586503384,53.63400001525879,77.90581105101737,29.362188979500225
2021-05-01,63.630001068115234,74.5,59.36000061035156,64.68000030517578,63.21908950805664,81249600,0.035874467132172905,0.035245965773685495,0.2620328417481276,64.68000030517578,69.0649995803833,67.21499967575073,64.68000030517578,66.32415946660916,64.36138745153656,7.381461726664277,5.752697188999688,1.6287645376645887,56.940364922890666,53.96100006103516,78.6396368395201,29.282363282550218
2021-08-01,64.8499984741211,65.4000015258789,49.20000076293945,53.04999923706055,52.361549377441406,100664200,-0.1798083026166063,-0.1982171887486709,0.26212130287186003,53.04999923706055,62.5049991607666,66.16249942779541,53.04999923706055,61.01449537478972,61.84774562609744,6.180012602724467,5.838160271744644,0.34185233097982337,49.74736860168349,54.073500061035155,78.71395637788962,29.4330437441807
2021-11-01,53.15999984741211,58.33000183105469,45.41999816894531,47.779998779296875,47.45002746582031,136724100,-0.09934025510941136,-0.10462773432922434,0.2595487098443368,47.779998779296875,56.98749923706055,64.40749931335449,47.779998779296875,55.72069673659258,58.72157966014176,4.747879918075668,5.620104201010849,-0.8722242829351812,46.858714481098694,54.07749996185303,78.71384215224464,29.441157771461427
2022-02-01,48.220001220703125,67.13999938964844,46.849998474121094,58.22999954223633,58.22999954223633,234177200,0.2187107791946501,0.19779356163847436,0.27154267117472447,58.22999954223633,55.93499946594238,64.35124921798706,58.22999954223633,56.724417858850074,58.61233963394055,4.4053500417553835,5.377153369159756,-0.9718033274043725,52.72120534212845,54.59749984741211,79.12320393459979,30.07179576022443
2022-05-01,56.380001068115234,60.25,38.02000045776367,42.9900016784668,42.9900016784668,193098300,-0.2617207278649454,-0.30343310843634475,0.30253780123218077,42.9900016784668,50.51249980926514,59.78874969482422,42.9900016784668,51.23065138669676,55.1407089771686,2.871056433947281,4.875933982117261,-2.00487754816998,44.935576320721836,54.411499977111816,79.22835002413888,29.594649930084753
2022-08-01,43.060001373291016,46.97999954223633,36.689998626708984,43.959999084472656,43.959999084472656,181494900,0.02256332561372565,0.022312539157666903,0.3026331914678329,43.959999084472656,48.239999771118164,55.37249946594238,43.959999084472656,48.32239046580712,52.656106778791724,1.7136346660986916,4.243474118913547,-2.529839452814856,45.48736891755032,54.37799987792969,79.2493244753546,29.506675280504776
2022-11-01,45.34000015258789,58.08000183105469,40.810001373291016,56.47999954223633,56.47999954223633,185334900,0.28480438395154395,0.250606476371058,0.32044444855303683,56.47999954223633,50.41499996185303,53.70124959945679,56.47999954223633,51.585434096378805,53.50586072622386,1.7860406148013297,3.751987418091104,-1.9659468032897744,52.152146844514924,54.83799991607666,79.50667932314269,30.16932050901064
2023-02-01,56.400001525878906,59.529998779296875,44.4900016784668,56.72999954223633,56.72999954223633,198238500,0.004426345644940266,0.004416578189206195,0.3197755859367516,56.72999954223633,50.03999996185303,52.987499713897705,56.72999954223633,53.64326027472181,54.22233601867107,1.842358202932445,3.3700615750593728,-1.5277033721269277,52.2776142834028,55.569999885559085,79.54110917967415,31.598890591444015
2023-05-01,57.650001525878906,61.150001525878906,47.84000015258789,52.40999984741211,52.40999984741211,150088100,-0.07615018032228105,-0.07920575336666394,0.3173973417841998,52.40999984741211,52.394999504089355,51.453749656677246,52.40999984741211,53.14995610379793,53.81959464728019,1.5208707740699055,3.0002234148614795,-1.479352640791574,49.845292036156465,56.096499824523924,79.29174025378839,32.90125939525946
2023-08-01,51.470001220703125,51.7400016784668,43.220001220703125,46.90999984741211,46.90999984741211,156512400,-0.10494180530457642,-0.11086654081506082,0.32155403968208585,46.90999984741211,53.13249969482422,50.68624973297119,46.90999984741211,50.65397360124361,52.284129136198395,0.8129148594446107,2.562761703778106,-1.7498468443334954,46.8562207940636,56.67399978637695,78.29720561210142,35.050793960652484
2023-11-01,47.150001525878906,56.43000030517578,46.41999816894531,49.15999984741211,49.15999984741211,166080000,0.04796418689658388,0.04684941250634353,0.31223736711186867,49.15999984741211,51.302499771118164,50.858749866485596,49.15999984741211,50.05638409971101,51.58987818313478,0.4284717370522131,2.135903710432928,-1.7074319733807148,48.22408939071815,56.952999687194826,78.0303132951662,35.875686079223456
2024-02-01,49.63999938964844,67.80000305175781,44.369998931884766,63.349998474121094,63.349998474121094,220664900,0.2886492813416064,0.2535946010867308,0.3180184094968486,63.349998474121094,52.957499504089355,51.49874973297119,63.349998474121094,55.373829849475044,54.2032382477984,1.2543526941511587,1.9595935071765742,-0.7052408130254155,55.92842260241658,58.04999961853027,78.03266369075712,38.067335546303426
2024-05-01,63.90999984741211,77.54000091552734,63.0099983215332,77.16999816894531,77.16999816894531,136159200,0.21815311803787618,0.19733587406130434,0.32528570930575457,77.16999816894531,59.147499084472656,55.771249294281006,77.16999816894531,64.09229717726316,59.30696267471994,2.989565924580461,2.1655879906573516,0.8239779339231093,61.87808572043386,59.296999549865724,80.73125290388823,37.862746195843215
2024-08-01,77.13999938964844,86.63999938964844,69.72000122070312,86.16999816894531,86.16999816894531,125772300,0.11662563448941188,0.11031131126038025,0.3148103868771761,86.16999816894531,68.96249866485596,61.04749917984009,86.16999816894531,72.92337757393602,65.27652611788113,5.0329430603916805,2.7390590046042176,2.293884055787463,65.17525250660685,60.53199939727783,84.96176693722613,36.10223185732953
2024-10-18,82.83999633789062,86.62999725341797,82.33999633789062,86.16999816894531,86.16999816894531,2860493,0.0,0.0,0.3086912418095834,86.16999816894531,78.21499824523926,64.75874900817871,86.16999816894531,78.22202581193974,69.9195199070065,6.576524086336171,3.5065520209506085,3.0699720653855627,65.17525250660685,61.74949932098389,88.61981612315284,34.87918251881493
