Date,Open,High,Low,Close,Adj Close,Volume,Simple Return,Log Return,Volatility,SMA_4,SMA_13,SMA_52,EMA_9,EMA_26,EMA_52,MACD,Signal Line,Histogram,RSI,Middle Band,Upper Band,Lower Band
2021-05-10,24.809999465942383,25.850000381469727,22.270000457763672,25.26300048828125,25.26300048828125,272500,,,,,,,25.26300048828125,25.26300048828125,25.26300048828125,0.0,0.0,0.0,,25.26300048828125,25.26300048828125,25.26300048828125
2021-05-17,25.049999237060547,25.5,23.1299991607666,25.128999710083008,25.128999710083008,112300,-0.00530423051926876,-0.005318347893302435,,,,,25.2362003326416,25.253074504711012,25.257943855141693,-0.010689520767954264,-0.0021379041535908526,-0.00855161661436341,0.0,25.19600009918213,25.33000087738037,25.061999320983887
2021-05-24,25.15999984741211,25.8700008392334,25.15999984741211,25.785999298095703,25.785999298095703,75100,0.026145075235488813,0.02580913561769938,,,,,25.346160125732425,25.292550415332098,25.277870475630525,0.03346754001906049,0.004983184680939417,0.028484355338121076,83.05932791913425,25.392666498819988,25.95958111997321,24.825751877666768
2021-05-31,26.270000457763672,26.270000457763672,25.725000381469727,25.9950008392334,25.9950008392334,78300,0.008105233336957784,0.008072562351812912,,25.54325008392334,,,25.47592826843262,25.344583780065527,25.30493199878535,0.08435461895982499,0.020857471536716535,0.06349714742310845,86.59994773874715,25.54325008392334,26.259594368460405,24.826905799386275
2021-06-07,26.5,26.5,25.920000076293945,26.110000610351562,26.110000610351562,197200,0.004423918730735332,0.0044141619671034605,,25.755000114440918,,,25.60274273681641,25.40128132304968,25.33531194639162,0.13243587771816578,0.04317315277300639,0.0892627249451594,87.98201107800104,25.656600189208984,26.44151499291917,24.871685385498797
2021-06-14,26.350000381469727,26.350000381469727,25.25,25.437000274658203,25.437000274658203,89400,-0.02577557717201051,-0.026113588299636212,,25.832000255584717,,,25.56959424438477,25.40392717131698,25.339149241797905,0.1149105023570769,0.057520622689820486,0.05738987966725641,54.86576035706209,25.62000020345052,26.354983572913095,24.885016833987944
2021-06-21,25.770000457763672,26.239999771118164,25.469999313354492,26.179000854492188,26.179000854492188,118300,0.02917012901765803,0.028752777508010807,,25.930250644683838,,,25.691475566406254,25.461340036737365,25.37084175548448,0.15906120321640316,0.07782873879513702,0.08123246442126614,68.10275547514041,25.699857439313615,26.48476591845788,24.914948960169347
2021-06-28,26.479999542236328,26.59000015258789,25.920000076293945,26.32699966430664,26.32699966430664,199500,0.00565334065410128,0.005637420497024005,,26.01325035095215,,,25.818580385986333,25.525462972112866,25.406923186006072,0.20364571774134177,0.10299213458437798,0.1006535831569638,69.86554552421434,25.778250217437744,26.62154324485468,24.934957190020807
2021-07-05,26.56999969482422,26.56999969482422,25.59000015258789,26.18000030517578,26.18000030517578,52700,-0.0055835971058318945,-0.005599243654014086,,26.030750274658203,,,25.890864369824225,25.573947219006413,25.436095907484173,0.22452941166649865,0.1272995900008021,0.09722982166569655,66.23008087156019,25.822889116075302,26.65709018742265,24.988688044727954
2021-07-12,26.299999237060547,26.5,25.54199981689453,25.54199981689453,25.54199981689453,49700,-0.024369766266011728,-0.024671623233311617,,26.057000160217285,,,25.82109145923829,25.5715807447759,25.440092281424185,0.18743791454648928,0.13932725490993955,0.04811065963654973,54.028288013394956,25.794800186157225,26.603939143392196,24.985661228922254
2021-07-19,25.459999084472656,26.270000457763672,24.950000762939453,26.139999389648438,26.139999389648438,168800,0.023412402201896665,0.023142535941471587,,26.047249794006348,,,25.88487304532032,25.61368582958127,25.466503870413778,0.20394524979127837,0.15225085388620732,0.05169439590507105,60.797817328547666,25.826181931929156,26.622787039240418,25.029576824617894
2021-07-26,26.030000686645508,26.56999969482422,25.766000747680664,26.160999298095703,26.160999298095703,116300,0.0008033630044987916,0.0008030404811642771,,26.005749702453613,,,25.940098295875398,25.654227567989746,25.492711245043285,0.21622939118636708,0.16504656134623927,0.051182829840127814,60.99949349202671,25.8540833791097,26.63890925074494,25.069257507474457
2021-08-02,26.290000915527344,26.489999771118164,25.850000381469727,26.386999130249023,26.386999130249023,112400,0.008638807316881492,0.008601706339961733,,26.057499408721924,25.89507689842811,,26.029478462750124,25.708506942971916,25.526457957692557,0.24141804252310806,0.18032085758161304,0.06109718494149502,63.04547927883813,25.89507689842811,26.700827012781573,25.089326784074643
2021-08-09,26.309999465942383,27.0,26.270000457763672,26.450000762939453,26.450000762939453,301900,0.0023876012721055773,0.002384755481031101,,26.284499645233154,25.986384611863357,,26.11358292278799,25.76343241111766,25.561308629588666,0.26342730936881154,0.19694214793905274,0.0664851614297588,63.57812489090897,25.934714317321777,26.76209448521309,25.107334149430464
2021-08-16,26.100000381469727,26.309999465942383,25.440000534057617,25.71500015258789,25.71500015258789,800800,-0.027788302047288105,-0.028181701988211565,,26.178249835968018,26.03146156897912,,26.033866368747972,25.75984483641175,25.567108309701844,0.21903648901339778,0.20136101615392177,0.017675472859476016,53.8301016069772,25.92006670633952,26.72687256061375,25.113260852065288
2021-08-23,26.170000076293945,26.760000228881836,25.920000076293945,26.649999618530273,26.649999618530273,277400,0.03636008012421832,0.035714651137104175,,26.30049991607666,26.09792313208947,,26.157093018704433,25.82578222767979,25.6079721326765,0.25634806591537895,0.21235842610621322,0.04398963980916573,61.84455201918191,25.96568751335144,26.82308338926327,25.10829163743961
2021-08-30,27.010000228881836,27.059999465942383,26.600000381469727,26.8700008392334,26.8700008392334,216100,0.008255205397832421,0.008221317562706942,,26.421250343322754,26.16523082439716,,26.29967458281023,25.90313175446154,25.655595857452234,0.3002093923087408,0.22992861934671874,0.07028077296202204,63.45214156218529,26.018882414873907,26.953219359409115,25.0845454703387
2021-09-06,26.760000228881836,26.850000381469727,26.399999618530273,26.459999084472656,26.459999084472656,166300,-0.015258717601604688,-0.015376329774119154,,26.423749923706055,26.19215378394494,,26.331739483142716,25.944381186314214,25.68595069620772,0.29844579702566065,0.24363205488250714,0.054813742143153515,58.50497301028642,26.043388896518284,26.97361732531124,25.11316046772533
2021-09-13,26.549999237060547,29.690000534057617,26.15999984741211,26.309999465942383,26.309999465942383,147000,-0.0056689200196645695,-0.0056850493328343054,,26.572499752044678,26.259307567889874,,26.32739147970265,25.971464021842227,25.709499706386385,0.28169718959034284,0.2512450818240743,0.030452107766268555,56.76135128694539,26.05742103175113,26.970634244184048,25.14420781931821
2021-09-20,25.90999984741211,27.052000045776367,25.399999618530273,26.444000244140625,26.444000244140625,198300,0.005093150167931437,0.005080223950149256,,26.520999908447266,26.279692136324368,,26.35071323259025,26.006466704975445,25.737216707811072,0.2760543576429768,0.2562069369878548,0.019847420655122017,57.966543836034596,26.076749992370605,26.982649940162723,25.170850044578486
2021-09-27,26.670000076293945,26.670000076293945,25.59000015258789,25.93000030517578,25.93000030517578,307000,-0.019437298979708473,-0.019628687383906027,,26.28599977493286,26.249153724083534,,26.266570647107354,26.000802527212507,25.744491560541817,0.22748457272243172,0.2504624641347702,-0.02297789141233847,51.98142304220302,26.11009998321533,26.939603009677327,25.280596956753335
2021-10-04,25.94099998474121,26.389999389648438,25.56999969482422,26.079999923706055,26.079999923706055,169800,0.005784790465287237,0.005768122813281612,0.12566703810445742,26.19099998474121,26.2414613870474,,26.2292565024271,26.006669001026843,25.757152253491412,0.19880468718057642,0.24013090874393145,-0.041326221563355026,53.49062643706233,26.157649993896484,26.855289521428382,25.460010466364587
2021-10-11,26.299999237060547,26.739999771118164,25.920000076293945,26.666000366210938,26.666000366210938,124900,0.022469342186317354,0.022220625293449207,0.12902972753483483,26.28000020980835,26.327922967764046,,26.316605275183868,26.05550836141085,25.791448408688375,0.2208155849509552,0.2362678439853362,-0.015452259034380994,58.92233775685511,26.201650047302245,26.910886301201252,25.492413793403237
2021-10-18,26.700000762939453,27.170000076293945,26.56999969482422,27.104999542236328,27.104999542236328,211600,0.016462880446880046,0.0163288363972488,0.125624879394967,26.445250034332275,26.402153748732346,,26.474284128594363,26.133248448879407,25.84101637599207,0.2705640506938636,0.2431270853270417,0.027436965366821886,62.45943827288445,26.257149982452393,27.060494476177503,25.453805488727284
2021-10-25,27.219999313354492,27.43000030517578,26.850000381469727,27.139999389648438,27.139999389648438,313600,0.0012912690648665404,0.0012904360939502105,0.12529459320681527,26.74774980545044,26.477461448082558,,26.607427180805182,26.207822592640078,25.8900346029225,0.30924942848321635,0.25635155395827663,0.052897874524939714,62.734943973661636,26.308649921417235,27.195389696300637,25.421910146533833
2021-11-01,27.469999313354492,27.59000015258789,26.030000686645508,26.239999771118164,26.239999771118164,246000,-0.03316137209912928,-0.03372367656446174,0.13668503422909292,26.787749767303467,26.46615380507249,,26.533941698867782,26.210206087342158,25.903240835684603,0.26423943378034664,0.2579291299226907,0.006310303857655963,52.13872169652639,26.348799896240234,27.141798820410568,25.5558009720699
2021-11-08,26.309999465942383,26.450000762939453,26.0,26.43000030517578,26.43000030517578,1059700,0.00724087407450158,0.007214784809508027,0.1302041367930256,26.728749752044678,26.464615308321438,,26.513153420129385,26.22648714051502,25.92311855151446,0.24112065507722136,0.25456743495359685,-0.013446779876375492,53.90865973145475,26.361349868774415,27.151140755566242,25.571558981982587
2021-11-15,26.3700008392334,26.649999618530273,26.010000228881836,26.020000457763672,26.020000457763672,225000,-0.015512669038139193,-0.015634249485644125,0.12521898713698212,26.457499980926514,26.488076870258038,,26.414522827656246,26.21119183068159,25.926774472504995,0.1875532975524088,0.24116460747335927,-0.05361130992095048,49.64246510558572,26.345999908447265,27.149675873312038,25.542323943582492
2021-11-22,26.40999984741211,26.40999984741211,25.172000885009766,25.31999969482422,25.31999969482422,190100,-0.02690241163045759,-0.02727090545390185,0.13140652183777995,26.00250005722046,26.38576918381911,,26.195618201089843,26.145177598395858,25.90387731108308,0.08760669392894016,0.21045302476447547,-0.12284633083553531,43.33670405580606,26.302999877929686,27.221435047126143,25.38456470873323
2021-11-29,25.81999969482422,25.81999969482422,24.510000228881836,24.739999771118164,24.739999771118164,229900,-0.022906790311874148,-0.02317322751036656,0.13535767590213005,25.62750005722046,26.221922947810246,,25.904494515095507,26.041090351930844,25.859957403914592,-0.03796521671475972,0.16076937646862846,-0.19873459318338818,38.92481270861764,26.26289987564087,27.36283658631205,25.16296316496969
2021-12-06,25.8700008392334,27.0,24.829999923706055,25.40999984741211,25.40999984741211,729800,0.027081652485547503,0.0267214336141868,0.13768367467510095,25.37249994277954,26.141153775728664,,25.80559558155883,25.99434290715168,25.842977873480535,-0.08246781621312849,0.11212193793227708,-0.19458975414540558,45.790386511434995,26.226399898529053,27.38700256951709,25.065797227541015
2021-12-13,25.5,26.0,24.600000381469727,24.84000015258789,24.84000015258789,167300,-0.022432101465843624,-0.02268752811893191,0.1363872885760878,25.077499866485596,26.028076905470627,,25.612476495764646,25.90883603644325,25.805129657597796,-0.16186478217403177,0.057324593911015305,-0.21918937608504707,41.51476662955071,26.160349941253664,27.46920958838241,24.85149029412492
2021-12-20,24.170000076293945,25.329999923706055,24.0049991607666,25.209999084472656,25.209999084472656,508300,0.014895287021414072,0.014785441675681056,0.13887536783551363,25.049999713897705,25.933153739342323,,25.53198101350625,25.85707033629728,25.782671900121375,-0.1927101850736861,0.0073176381140750285,-0.20002782318776113,45.09837473524769,26.101499938964842,27.468840300406292,24.734159577523393
2021-12-27,25.270000457763672,26.989999771118164,25.219999313354492,25.420000076293945,25.420000076293945,235200,0.008330067411649988,0.008295563878854694,0.13881957389861815,25.21999979019165,25.893922952505257,,25.509584826063794,25.824694761482217,25.768986170920343,-0.197928467940109,-0.03373158309676178,-0.1641968848433472,47.080343731586346,26.049999904632568,27.438383316224563,24.661616493040572
2022-01-03,25.290000915527344,25.739999771118164,24.906999588012695,24.90999984741211,24.90999984741211,286900,-0.020062951508699967,-0.020266945614121956,0.14147064242819093,25.09499979019165,25.803922946636494,,25.389667830333458,25.75693958266221,25.73657159267475,-0.24044505006317607,-0.07507427649004464,-0.16537077357313143,43.018692996140565,26.00974988937378,27.478968491893166,24.540531286854392
2022-01-10,24.69499969482422,25.59000015258789,24.493999481201172,24.889999389648438,24.889999389648438,107400,-0.0008029087870808915,-0.000803231290980109,0.13545425231317645,25.107499599456787,25.667307486900917,,25.289734142196455,25.692721790587115,25.704625471805834,-0.27261112613432914,-0.11458164641890155,-0.15802947971542758,42.862523956582976,25.921749877929688,27.437141440240374,24.406358315619002
2022-01-17,24.440000534057617,24.690000534057617,23.64299964904785,23.65999984741211,23.65999984741211,108200,-0.049417419541917584,-0.050680239756492905,0.14143887238454006,24.71999979019165,25.402307510375977,,24.96378728323959,25.542149794796373,25.62746978786645,-0.3928254098883066,-0.17023039911278257,-0.22259501077552404,34.55458793008883,25.761249828338624,27.503844785990587,24.01865487068666
2022-01-24,23.110000610351562,23.961999893188477,22.84000015258789,23.649999618530273,23.649999618530273,797400,-0.00042266394532242124,-0.00042275329290464704,0.13995224639998693,24.277499675750732,25.133845989520733,,24.701029750297728,25.401990522480364,25.552848272042443,-0.483331486245806,-0.23285061653938727,-0.25048086970641875,34.496045009823874,25.620749855041502,27.557629201191304,23.6838705088917
2022-01-31,23.3700008392334,29.31999969482422,23.3700008392334,24.059999465942383,24.059999465942383,281400,0.01733614604758249,0.017187589541480513,0.14348487303260063,24.0649995803833,24.966153658353367,,24.572823693426663,25.302583777551625,25.49651435483112,-0.5160262136697078,-0.2894857359654514,-0.2265404777042564,39.05499882080021,25.508249855041505,27.531379102452775,23.485120607630236
2022-02-07,24.09000015258789,24.850000381469727,23.850000381469727,24.0,24.0,176800,-0.0024937434444798345,-0.0024968580016784796,0.14350472953759122,23.84249973297119,24.779230557955227,,24.458258954741332,25.20609609032558,25.440042115026174,-0.540547382425494,-0.33969806525745994,-0.2008493171680341,38.63127287214312,25.386049842834474,27.462864313774045,23.309235371894903
2022-02-14,23.93000030517578,24.459999084472656,23.409000396728516,23.40999984741211,23.40999984741211,501500,-0.02458333969116211,-0.02489055536319077,0.14597387722888497,23.77999973297119,24.578461280235878,,24.248607133275488,25.07305192418384,25.363436746436964,-0.600664579435751,-0.39189136809311814,-0.20877321134263288,34.65017144718345,25.26004981994629,27.489720786573024,23.030378853319554
2022-02-21,23.6200008392334,23.719999313354492,22.43000030517578,23.613000869750977,23.613000869750977,359900,0.008671551630159868,0.008634169677232597,0.14579780112877389,23.770750045776367,24.447153678307167,,24.121485880570585,24.96489999422585,25.29738256241108,-0.6247259533234697,-0.4384582851391885,-0.1862676681842812,37.05378492095993,25.136699867248534,27.442922360945275,22.830477373551794
2022-02-28,23.260000228881836,24.280000686645508,23.239999771118164,23.34000015258789,23.34000015258789,658500,-0.01156145797262087,-0.011628811265964338,0.1452231234105629,23.590750217437744,24.339461399958683,,23.96518873497405,24.84453704299341,25.223519075247943,-0.6582359079855635,-0.4824138097084636,-0.17582209827709994,35.17980943224798,24.970399856567383,27.29115692828549,22.649642784849277
2022-03-07,23.229999542236328,23.584999084472656,22.780000686645508,22.950000762939453,22.950000762939453,189000,-0.01670948530843064,-0.016850663645920222,0.13916700241789332,23.328250408172607,24.150230701153095,,23.76215114056713,24.704201022248668,25.137725931387244,-0.7080999444821146,-0.5275510366631938,-0.18054890781892075,32.640188973299416,24.762649917602538,27.02503197491844,22.500267860286634
2022-03-14,22.700000762939453,24.020000457763672,22.420000076293945,23.920000076293945,23.920000076293945,285700,0.042265763882713525,0.04139696252187451,0.15415505730847753,23.455750465393066,24.0794614645151,,23.793720927712496,24.646112063289056,25.091774012327118,-0.6617188319029061,-0.5543845957111363,-0.10733423619176985,43.55451086606646,24.601649951934814,26.608224711580963,22.595075192288665
2022-03-21,23.84000015258789,24.389999389648438,23.670000076293945,24.030000686645508,24.030000686645508,449400,0.004598687709059801,0.004588146050911297,0.15462120299456394,23.5600004196167,23.988692356989933,,23.840976879499102,24.60047418353768,25.05170709437687,-0.6090644205731692,-0.5653205606835429,-0.04374385988962637,44.6497868057665,24.491149997711183,26.363586874354247,22.61871312106812
2022-03-28,24.299999237060547,24.558000564575195,23.75,23.902000427246094,23.902000427246094,552300,-0.005326685632204287,-0.0053409230032896065,0.14792515930953082,23.70050048828125,23.871923153217022,,23.853181589048503,24.54873538677534,25.008321937126652,-0.5710809062290494,-0.5664726297926442,-0.0046082764364051565,43.58984965123626,24.3647500038147,26.025985496906944,22.703514510722453
2022-04-04,24.010000228881836,24.190000534057617,23.13800048828125,23.395000457763672,23.395000457763672,607400,-0.021211612434936078,-0.021439811434688396,0.14887487411004782,23.811750411987305,23.75538473862868,,23.761545362791537,24.463273540181884,24.947441881301636,-0.5752581400636885,-0.5682297318468531,-0.007028408216835369,39.581758597963116,24.233500003814697,25.76023152469943,22.706768482929963
2022-04-11,23.079999923706055,23.481000900268555,23.06999969482422,23.208999633789062,23.208999633789062,105100,-0.007950451820268545,-0.007982225182786117,0.14808597976277663,23.634000301361084,23.626077065101036,,23.65103621699104,24.370364361930562,24.881840287055876,-0.5868129258630006,-0.5719463706500827,-0.014866555212917909,38.19423110289337,24.12795000076294,25.63133611557506,22.62456388595082
2022-04-18,22.940000534057617,23.600000381469727,22.360000610351562,22.360000610351562,22.360000610351562,265000,-0.036580595322233345,-0.0372664431186448,0.15246488304713696,23.216500282287598,23.52607712378869,,23.392829095663146,24.221448528480266,24.78667652567081,-0.6569049117536281,-0.5889380788707917,-0.06796683288283634,32.58017298937567,24.00895004272461,25.66838786177364,22.349512223675582
2022-04-25,22.329999923706055,22.604999542236328,21.8700008392334,21.8700008392334,21.8700008392334,860800,-0.02191412154484995,-0.022157802521077276,0.1521880738898357,22.708500385284424,23.38915414076585,,23.088263444377198,24.047267218165686,24.676613292220342,-0.7434224902841642,-0.6198349611534663,-0.12358752913069793,29.85284005867375,23.831950092315672,25.607013633006908,22.056886551624437
2022-05-02,21.89299964904785,22.809999465942383,21.549999237060547,21.78700065612793,21.78700065612793,320600,-0.0037951614046841664,-0.0038023813026356137,0.142938679791033,22.30650043487549,23.21430807847243,25.1354231100816,22.828010886727345,23.879840065422147,24.567571305952704,-0.8093559639642542,-0.6577391617156239,-0.1516168022486304,29.40382953143849,23.679300117492676,25.60043862596816,21.758161609017193
2022-05-09,21.520000457763672,21.520000457763672,20.600000381469727,21.448999404907227,21.448999404907227,431500,-0.015513895490044671,-0.015635495263655534,0.14146457798160253,21.86650037765503,23.018077263465294,25.06207693540133,22.55220859036332,23.699777794272894,24.449889347422687,-0.8787528768997177,-0.7019419047524427,-0.17681097214727504,27.58430916247066,23.491250133514406,25.510052345485555,21.472447921543257
2022-05-16,21.639999389648438,21.889999389648438,20.92099952697754,21.31999969482422,21.31999969482422,204000,-0.006014253049654861,-0.0060324115125284855,0.1370741521937496,21.606500148773193,22.857308020958534,24.98882693510789,22.305766811255502,23.523497935054472,24.331780303928404,-0.9333999749965187,-0.7482335188012579,-0.18516645619526084,26.900141259665475,23.286250114440918,25.312654014192184,21.259846214689652
2022-05-23,21.649999618530273,22.440000534057617,21.049999237060547,22.40999984741211,22.40999984741211,555000,0.05112571145357503,0.049861696020333246,0.16190835218044827,21.74149990081787,22.76476948077862,24.923903868748592,22.326613418486826,23.44101659522911,24.259260286701373,-0.8786260371166748,-0.7743120224643413,-0.10431401465233348,40.36051140419918,23.161250114440918,25.07699097164367,21.245509257238165
2022-05-30,22.34000015258789,22.65999984741211,21.964000701904297,22.350000381469727,22.350000381469727,139300,-0.002677352358362972,-0.0026809428763414855,0.16031602495118605,21.88224983215332,22.68861565223107,24.85380770609929,22.331290811083406,23.360200579395084,24.18721274310773,-0.8304854330738323,-0.7855467045862394,-0.04493872848759284,39.92471087422985,23.03425016403198,24.806101595976408,21.262398732087554
2022-06-06,22.549999237060547,22.6299991607666,21.270000457763672,21.270000457763672,21.270000457763672,169900,-0.04832214341264518,-0.04952868739386455,0.17391924920672105,21.83750009536743,22.55938485952524,24.760730780087986,22.119032740419463,23.205370940755717,24.077129260641914,-0.8694580542125543,-0.8023289745115025,-0.06712907970105175,33.01442709881687,22.914750194549562,24.819097693831615,21.01040269526751
2022-06-13,20.700000762939453,21.0,20.06999969482422,20.149999618530273,20.149999618530273,515800,-0.052656361783226524,-0.05409338127251809,0.1760838669042219,21.545000076293945,22.26938482431265,24.659057690547062,21.725226116041625,22.97904713910939,23.928935689241474,-0.9794286014912856,-0.8377488999074592,-0.14167970158382648,27.666477790924475,22.73975019454956,24.958914497716144,20.52058589138298
2022-06-20,20.3799991607666,20.979999542236328,20.204999923706055,20.951000213623047,20.951000213623047,297700,0.0397518913278867,0.038982118661000875,0.18993965999252935,21.18025016784668,22.032538634080154,24.558519216684196,21.57038093555791,22.828821440925214,23.81656076563323,-0.9905287993063503,-0.8683048797872375,-0.12222391951911282,35.68993661741355,22.584300231933593,24.846897215947727,20.32170324791946
2022-06-27,20.88800048828125,21.139999389648438,20.0,20.34000015258789,20.34000015258789,313500,-0.029163288377891505,-0.029596989999915817,0.18952474473271647,20.67775011062622,21.7585386129526,24.443384610689602,21.324304778963906,22.644464308455785,23.685369799103217,-1.036678203610915,-0.901979544551973,-0.13469865905894196,32.70944258497535,22.40130023956299,24.76602528189008,20.036575197235898
2022-07-04,19.8799991607666,20.690000534057617,19.770000457763672,20.670000076293945,20.670000076293945,172400,0.01622418491791744,0.016093979262447353,0.19297977403829794,20.52775001525879,21.54892319899339,24.337423067826492,21.193443838429914,22.498207698666018,23.571582262393434,-1.0346963674443685,-0.9285229091304522,-0.10617345831391634,35.82657305878624,22.26430025100708,24.695932133024517,19.83266836898964
2022-07-11,20.34000015258789,20.427000045776367,19.600000381469727,20.239999771118164,20.239999771118164,160300,-0.02080311096219789,-0.02102254427385047,0.192187225909895,20.55025005340576,21.32053859417255,24.235461528484638,21.002755024967566,22.330933037366176,23.445862168383044,-1.0556542538527545,-0.9539491780749128,-0.10170507577784171,33.63984655439681,22.09565019607544,24.59661442219015,19.59468596996073
2022-07-18,20.549999237060547,21.200000762939453,20.200000762939453,20.829999923706055,20.829999923706055,530000,0.029150205497027848,0.028733418499311606,0.19858937366152127,20.519999980926514,21.202846233661358,24.13334615413959,20.968204004715265,22.219752806724685,23.347150385565044,-1.0129784631816285,-0.9657550350962559,-0.04722342808537261,39.12972244099218,21.970150184631347,24.46063483793699,19.479665531325704
2022-07-25,20.96500015258789,23.3799991607666,20.719999313354492,21.709999084472656,21.709999084472656,255300,0.04224671934660451,0.0413786901092478,0.21113719525041613,20.862499713897705,21.19053840637207,24.047749996185303,21.116563020666746,22.181993271743053,23.2853710911842,-0.8977997372877518,-0.9521639755345551,0.054364238246803365,46.26958942845584,21.908150100708006,24.3594053005078,19.456894900908214
2022-08-01,21.530000686645508,21.950000762939453,21.469999313354492,21.89699935913086,21.89699935913086,143400,0.008613555160946529,0.008576670150731285,0.21075066265362127,21.169249534606934,21.198999845064602,23.961403846740723,21.27265028835957,22.16088261154956,23.23297970506898,-0.7824112579134059,-0.9182134320103252,0.1358021740969193,47.674166780817934,21.807000064849852,24.07817675072958,19.535823378970125
2022-08-08,22.020000457763672,22.700000762939453,21.70800018310547,22.68400001525879,22.68400001525879,732900,0.0359410274997225,0.03531021895428479,0.20781705435610057,21.78024959564209,21.293999892014725,23.88898075543917,21.554920233739416,22.199632048861353,23.212263490359163,-0.6203101318986377,-0.8586327719879877,0.23832264008935,53.21699192674085,21.739700031280517,23.814695402386818,19.664704660174216
2022-08-15,22.520000457763672,22.8799991607666,22.06100082397461,22.1299991607666,22.1299991607666,272200,-0.024422538093789803,-0.024725714684374317,0.2101940846138208,22.105249404907227,21.356307543241062,23.820038428673378,21.669936019144853,22.19447405715063,23.171423326978314,-0.5304325642180814,-0.7929927304340064,0.26256016621592504,49.26114437992064,21.651099967956544,23.4867371834339,19.81546275247919
2022-08-22,21.670000076293945,22.200000762939453,21.579999923706055,21.579999923706055,21.579999923706055,121200,-0.024853107000366248,-0.025167159845486734,0.21271537592819975,22.072749614715576,21.292461395263672,23.72253843454214,21.651948800057095,22.148957454673255,23.111369613647284,-0.49784543392939895,-0.733963271133085,0.23611783720368607,45.63439259288554,21.560349941253662,23.212438007020054,19.90826187548727
2022-08-29,21.534000396728516,21.540000915527344,20.649999618530273,20.799999237060547,20.799999237060547,262900,-0.036144610259644216,-0.036814006267097736,0.21694959132268943,21.798499584197998,21.173230538001427,23.60580763450036,21.481558887457787,22.049034623738983,23.0241480900025,-0.5288630312540974,-0.6929432231572875,0.16408019190319012,41.021794901508805,21.439899921417236,22.93769150400386,19.942108338830614
2022-09-05,20.969999313354492,21.600000381469727,20.5,21.570999145507812,21.570999145507812,67600,0.03706730465035446,0.03639683037208105,0.22624734665023188,21.520249366760254,21.196384283212517,23.51178840490488,21.499446939067795,22.013624588314453,22.96931228077629,-0.4856333722875803,-0.6514812529833461,0.16584788069576584,46.75117168450234,21.40044984817505,22.839642238895635,19.961257457454465
2022-09-12,21.790000915527344,21.81999969482422,20.4950008392334,20.645999908447266,20.645999908447266,80100,-0.04288161298514437,-0.04382818879057841,0.2288824227895152,21.14924955368042,21.234538151667667,23.402865336491512,21.32875753294369,21.91231905647244,22.881640115782744,-0.52001881084243,-0.625188764555163,0.10516995371273308,41.53766810803987,21.33924980163574,22.797343169837056,19.881156433434427
2022-09-19,20.34000015258789,20.770000457763672,19.3799991607666,19.562999725341797,19.562999725341797,68200,-0.05245569058936017,-0.053881578569495145,0.2400938327256534,20.644999504089355,21.12776888333834,23.270538403437687,20.975605971423313,21.738295402314616,22.756408402935914,-0.6274260059597161,-0.6256362128360737,-0.001789793123642358,36.41713900484667,21.228049755096436,22.861295349046845,19.594804161146026
2022-09-26,19.6200008392334,19.809999465942383,19.1299991607666,19.183000564575195,19.183000564575195,755600,-0.019424381030602067,-0.019615513454280645,0.2410742819567987,20.240749835968018,21.03876891502967,23.14078840842614,20.61708489005369,21.54901430322281,22.62156282412985,-0.7347401117570911,-0.6474569926202772,-0.08728311913681386,34.796283222018204,21.114749813079833,22.97023496567324,19.259264660486426
2022-10-03,19.579999923706055,20.437999725341797,19.510000228881836,19.690000534057617,19.690000534057617,634100,0.026429648884997103,0.026086420189108648,0.24544586774930902,19.77050018310547,20.963384334857647,23.017903804779053,20.431668018854474,21.411309579580944,22.510937832051653,-0.7700005661780125,-0.6719657073318243,-0.09803485884618823,38.71549908040201,21.033249855041504,22.98614841300022,19.08035129708279
2022-10-10,19.540000915527344,19.719999313354492,18.68000030517578,19.179000854492188,19.179000854492188,117800,-0.02595224305258692,-0.026294944768095345,0.24780712662077847,19.4037504196167,20.881769033578728,22.87392304493831,20.18113458598202,21.24595337772252,22.385204361200355,-0.8296148503058554,-0.7034955359266305,-0.12611931437922486,36.34433843994001,20.87169990539551,22.876189614938532,18.867210195852486
2022-10-17,19.690000534057617,19.989999771118164,19.43000030517578,19.989999771118164,19.989999771118164,159300,0.042285775092190114,0.041416162056261696,0.24347548260207663,19.51050043106079,20.81715363722581,22.73709612626296,20.14290762300925,21.152919777233308,22.29481928232933,-0.8021718277087224,-0.7232307942830489,-0.07894103342567349,42.37633797580297,20.75369987487793,22.672211676431406,18.835188073324456
2022-10-24,19.770000457763672,20.690000534057617,19.770000457763672,20.655000686645508,20.655000686645508,75100,0.033266679496822604,0.03272531702978461,0.25044108085327726,19.87850046157837,20.735999914316032,22.61238461274367,20.245326235736503,21.116036881634212,22.232939335322392,-0.7184808187064071,-0.7222807991677206,0.003799980461313468,46.82584137343105,20.72294988632202,22.627035055921617,18.818864716722423
2022-10-31,20.649999618530273,20.829999923706055,19.899999618530273,20.344999313354492,20.344999313354492,602300,-0.015008538512973568,-0.015122306388710108,0.2402353725395584,20.042250156402588,20.616615295410156,22.499019219325138,20.265260851260102,21.058922987687566,22.16169631562549,-0.6694525785402732,-0.7117151550422312,0.04226257650195797,45.078389832427796,20.732699871063232,22.626921349541416,18.83847839258505
2022-11-07,20.329999923706055,21.597999572753906,20.170000076293945,21.520000457763672,21.520000457763672,225600,0.05775380604893443,0.05614760886156322,0.240825055535753,20.62750005722046,20.52707686791053,22.404596145336445,20.516208772560816,21.09307687435987,22.137481377592973,-0.5296787654254409,-0.6753078771188731,0.14562911169343218,52.33854935542447,20.761149883270264,22.684499781651,18.83779998488953
2022-11-14,21.399999618530273,21.68000030517578,20.934999465942383,21.124000549316406,21.124000549316406,224900,-0.018401482343110342,-0.01857289571606863,0.235775866441811,20.91100025177002,20.44969235933744,22.31044230094323,20.637767127911935,21.095367516949246,22.09923681803537,-0.4457228787252845,-0.6293908774401553,0.18366799871487083,49.94240049849439,20.80034990310669,22.719721406338863,18.880978399874515
2022-11-21,20.959999084472656,21.43000030517578,20.910999298095703,21.356000900268555,21.356000900268555,108600,0.010982784743378327,0.010922911944176505,0.23118048407390973,21.08625030517578,20.432461665226864,22.23421155489408,20.78141388238326,21.11467369349142,22.071190179629074,-0.35635886110674875,-0.574784474173474,0.21842561306672525,51.347715211151005,20.83464994430542,22.76794567615147,18.901354212459367
2022-11-28,21.239999771118164,21.75,21.017000198364258,21.708999633789062,21.708999633789062,104300,0.016529252605344658,0.016394131444297057,0.23122521835013532,21.427250385284424,20.50238477266752,22.175923090714676,20.96693103266442,21.15869783721717,22.05752261186153,-0.2541238046164409,-0.5106523402620674,0.2565285356456265,53.487369761071356,20.908099937438966,22.857004370964273,18.95919550391366
2022-12-05,21.709999084472656,21.709999084472656,20.860000610351562,20.97599983215332,20.97599983215332,123100,-0.033764789442202625,-0.03434798521803448,0.23542580119616593,21.291250228881836,20.45661559471717,22.090653859652004,20.9687447925622,21.145164651656884,22.016710431495184,-0.22960203450960393,-0.45444227911157475,0.22484024460197083,48.69811474032336,20.915399932861327,22.864173261905357,18.966626603817296
2022-12-12,21.010000228881836,21.643999099731445,20.450000762939453,20.610000610351562,20.610000610351562,108100,-0.017448475625973847,-0.017602494502792086,0.23299210929920733,21.162750244140625,20.45384641794058,22.009307714609,20.896995956120072,21.105522870819453,21.963627042018064,-0.23696979317920608,-0.41094778192510106,0.17397798874589498,46.46110810141921,20.860400009155274,22.77820962130458,18.94259039700597
2022-12-19,20.530000686645508,20.850000381469727,20.149999618530273,20.610000610351562,20.610000610351562,277100,0.0,0.0,0.22302487907057447,20.976250171661377,20.534384947556717,21.920846205491287,20.83959688696637,21.0688175181922,21.912546799313667,-0.24004174321175142,-0.3767665741824312,0.13672483097067978,46.46110810141921,20.79605007171631,22.65590554458751,18.936194598845105
2022-12-26,20.469999313354492,20.6200008392334,20.110000610351562,20.493999481201172,20.493999481201172,81900,-0.005628390379189385,-0.0056442894538511635,0.22234794697079202,20.672500133514404,20.635231018066406,21.826115424816425,20.77047740581333,21.026238404341015,21.85901671183772,-0.24896667455737642,-0.3512065942574203,0.10223991970004387,45.68962898006646,20.686550045013426,22.334723965010625,19.038376125016228
2023-01-02,20.6299991607666,20.889999389648438,20.290000915527344,20.889999389648438,20.889999389648438,99300,0.019322724625347565,0.019138411288213586,0.21673686215035196,20.651000022888184,20.727538622342625,21.748807723705585,20.794381802580354,21.0161466254749,21.822450020434353,-0.22153217878898346,-0.32527171116373294,0.10373953237474948,48.814276357179985,20.62455005645752,22.138706763488848,19.11039334942619
2023-01-09,21.010000228881836,21.610000610351562,20.81999969482422,21.469999313354492,21.469999313354492,192900,0.02776447777176383,0.0273860335579929,0.2191128810280126,20.865999698638916,20.903769273024338,21.683038491469162,20.92950530473518,21.04976534309561,21.809149993752094,-0.15124553230683802,-0.29046647539235393,0.1392209430855159,53.072812201683654,20.61905002593994,22.120026218801662,19.11807383307822
2023-01-16,21.579999923706055,21.65999984741211,21.059999465942383,21.464000701904297,21.464000701904297,131800,-0.00027939504620588806,-0.00027943408427334135,0.21574738332621843,21.0794997215271,21.01715396000789,21.640807738670937,21.036404384169003,21.08044944374811,21.796125492172933,-0.09493257278771594,-0.25135969487142634,0.1564271220837104,53.023677447969256,20.65225009918213,22.196517031304296,19.107983167059963
2023-01-23,21.399999618530273,22.139999389648438,21.399999618530273,21.989999771118164,21.989999771118164,107700,0.024506105665902167,0.024210648333428824,0.2104302997547631,21.453499794006348,21.119846197275017,21.608884664682243,21.227123461558836,21.147823542071816,21.80344150269917,-0.007770840317920857,-0.20264192396072525,0.1948710836428044,56.800402030161585,20.673200130462646,22.276976803609976,19.069423457315317
2023-01-30,21.760000228881836,22.670000076293945,21.760000228881836,22.290000915527344,22.290000915527344,91900,0.013642616986435874,0.013550394313014148,0.2041898495372354,21.803500175476074,21.269461705134464,21.574846231020413,21.43969895235254,21.232429273438893,21.821802235258723,0.08453853812630285,-0.14520583154331965,0.2297443696696225,58.833252676054016,20.75540018081665,22.50689474533015,19.00390561630315
2023-02-06,22.270000457763672,22.510000228881836,21.975000381469727,22.089000701904297,22.089000701904297,115100,-0.009017505848688767,-0.00905840964035242,0.19164742049042913,21.958250522613525,21.313230954683743,21.538096244518574,21.569559302262892,21.295879008880775,21.831885196264217,0.13986309350582005,-0.08819204653349172,0.22805514003931177,56.90125799718103,20.881700229644775,22.63534235417022,19.12805810511933
2023-02-13,22.1200008392334,22.420000076293945,21.902000427246094,22.079999923706055,22.079999923706055,57000,-0.00040747783567529616,-0.0004075608773277675,0.16837780210553238,22.112250328063965,21.38676936809833,21.51251932290884,21.671647426551527,21.35396203960857,21.841248016167683,0.1808966506733256,-0.034374307092128256,0.21527095776545385,56.811290436684025,21.026550197601317,22.670144724538552,19.38295567066408
2023-02-20,22.139999389648438,22.139999389648438,21.459999084472656,21.565000534057617,21.565000534057617,343800,-0.023324247800178277,-0.02360056308872849,0.1699688237087594,22.006000518798828,21.402846263005184,21.473134701068584,21.650318048052746,21.369594520678874,21.83082358288051,0.1699013763377515,0.006480829593847694,0.1634205467439038,51.767758499033434,21.120300197601317,22.658792794697664,19.58180760050497
2023-02-27,21.709999084472656,22.049999237060547,21.510000228881836,22.049999237060547,22.049999237060547,92800,0.022490085369437862,0.022240912427601314,0.16891897975842338,21.94600009918213,21.429077001718376,21.448326991154598,21.730254285854308,21.41999487004048,21.839094362283532,0.19804000236751662,0.044792664148581476,0.15324733821893516,55.75171939472788,21.263850116729735,22.56909821080084,19.95860202265863
2023-03-06,22.010000228881836,22.09000015258789,20.780000686645508,20.799999237060547,20.799999237060547,138400,-0.056689344365103755,-0.05835961726493549,0.18970981374833998,21.62374973297119,21.415538494403545,21.40698080796462,21.544203276095555,21.374069267597523,21.799883225482663,0.11811396860317203,0.05945692503949959,0.058657043563672434,45.35381996523004,21.304350090026855,22.49414174525016,20.11455843480355
2023-03-13,20.5,21.1299991607666,20.350000381469727,20.816999435424805,20.816999435424805,153800,0.0008173172590297817,0.0008169834371586956,0.1797958355428063,21.30799961090088,21.43146148094764,21.347307718717136,21.398762507961404,21.33280483558473,21.762793271140854,0.05550396972736493,0.05866633397707267,-0.0031623642497077345,45.50268445603957,21.31245002746582,22.48655093857475,20.138349116356892
2023-03-20,20.829999923706055,21.299999237060547,20.719999313354492,20.999000549316406,20.999000549316406,91900,0.008742908143710926,0.008704910236501526,0.1732740872913327,21.166499614715576,21.461384553175705,21.289019254537727,21.318810116232406,21.30807859215745,21.733970904279555,0.020336635309156748,0.05100039424348948,-0.030663758934332735,47.16219796293859,21.345150089263917,22.443646202831893,20.246653975695942
2023-03-27,21.030000686645508,21.79199981689453,20.959999084472656,21.79199981689453,21.79199981689453,209100,0.03776366716671853,0.03706807786353437,0.17982091524733568,21.101999759674072,21.561230732844425,21.248442319723274,21.41344805636483,21.34392460880464,21.736160674566914,0.055811324727798706,0.05196258034035133,0.003848744387447374,53.7680829390086,21.35875005722046,22.472201574150624,20.245298540290293
2023-04-03,21.850000381469727,21.895000457763672,21.415000915527344,21.469999313354492,21.469999313354492,89100,-0.014776087841667618,-0.014886341655621641,0.16010613266443652,21.26949977874756,21.605846111591045,21.211423066946175,21.424758307762765,21.353263475808337,21.7261168496155,0.05728220846595633,0.053026505965472336,0.004255702500483995,50.980919866896194,21.376049995422363,22.485117595802414,20.266982395042312
2023-04-10,21.34000015258789,21.950000762939453,21.34000015258789,21.84600067138672,21.84600067138672,168100,0.01751287238273691,0.017361289244994724,0.15935375643465327,21.526750087738037,21.63476929297814,21.18521154843844,21.50900678048756,21.38976252733266,21.73064076741819,0.08777623188200678,0.05997645114877923,0.02779978073322755,53.980738627239035,21.400549983978273,22.528255742933318,20.272844225023228
2023-04-17,21.760000228881836,21.920000076293945,21.6200008392334,21.749000549316406,21.749000549316406,109300,-0.004440177565194325,-0.0044500644307466425,0.15887478325660934,21.714250087738037,21.65669235816369,21.173461547264687,21.55700553425333,21.416372751183307,21.73133358937661,0.1029293603547039,0.06856703298996417,0.034362327364739736,53.078306663326565,21.40255002975464,22.53257640115097,20.27252365835831
2023-04-24,21.780000686645508,21.79800033569336,21.190000534057617,21.77899932861328,21.77899932861328,75500,0.0013793176026113407,0.0013783672179080934,0.15690241515802708,21.710999965667725,21.64046155489408,21.1717115182143,21.60140429312532,21.44323397914108,21.733132296517617,0.11602155040850803,0.07805793647367294,0.03796361393483509,53.33811549298768,21.442700004577638,22.566294824272664,20.319105184882613
2023-05-01,21.81599998474121,21.889999389648438,21.170000076293945,21.56999969482422,21.56999969482422,157300,-0.00959638368299498,-0.00964272568831309,0.14777183276852648,21.736000061035156,21.585076845609226,21.16753842280461,21.5951233734651,21.452624032154645,21.726976349283905,0.10828444589873243,0.08410323835868484,0.024181207540047586,51.21062827544662,21.49069995880127,22.547966586678122,20.433433330924416
2023-05-08,21.5,21.770000457763672,21.360000610351562,21.503999710083008,21.503999710083008,84200,-0.003059804621000861,-0.0030644953941703084,0.14481666653421968,21.65049982070923,21.54007676931528,21.16859612098107,21.576898640788684,21.456429637927116,21.71856213648387,0.09572364505389785,0.08642731969772745,0.009296325356170407,50.525264912900035,21.535399913787842,22.512502511637102,20.55829731593858
2023-05-15,21.440000534057617,22.229999542236328,21.440000534057617,22.06999969482422,22.06999969482422,64300,0.02632068416908595,0.025980255582279545,0.14934349497023314,21.73074960708618,21.539307520939754,21.183019197904148,21.67551885159579,21.501879271771347,21.731823931138223,0.12994268995477398,0.09513039374913676,0.03481229620563722,55.967657190966555,21.614199924468995,22.491780765741673,20.736619083196317
2023-05-22,22.270000457763672,22.323999404907227,21.600000381469727,22.260000228881836,22.260000228881836,91100,0.008608995771856476,0.008572149688585993,0.14883968989678684,21.85099983215332,21.59276903592623,21.180134589855488,21.792415127052998,21.558036379705456,21.751755112185155,0.17042839235231355,0.11018999346977212,0.06023839888254143,57.65174588516773,21.682699966430665,22.537040316456885,20.828359616404445
2023-05-29,22.25,22.690000534057617,22.010000228881836,22.6200008392334,22.6200008392334,97800,0.0161725339914629,0.01604315165976024,0.14813106731906556,22.113500118255615,21.636615313016453,21.185326906350944,21.957932269489078,21.636700413744563,21.78451910188509,0.2289237532633024,0.13393674542847817,0.09498700783482422,60.71742184935028,21.74020004272461,22.68005677130362,20.8003433141456
2023-06-05,22.510000228881836,22.94499969482422,22.459999084472656,22.82200050354004,22.82200050354004,140400,0.008930135137585005,0.00889049728692569,0.14348555943070165,22.443000316619873,21.792153871976414,21.21517306107741,22.13074591629927,21.724500420396083,21.823669343456974,0.2882585676167295,0.16480110986612845,0.12345745775060107,62.36379639087381,21.808100032806397,22.849104484224828,20.767095581387967
2023-06-12,22.850000381469727,23.530000686645508,22.81999969482422,23.391000747680664,23.391000747680664,247500,0.024932093225235263,0.024626359883743804,0.1471658631883134,22.773250579833984,21.99015397291917,21.277500005868767,22.382796882575548,21.847944889083827,21.882813924748433,0.37685129272404083,0.20721114643771094,0.1696401462863299,66.6090524493268,21.878150081634523,23.126572951570832,20.629727211698214
2023-06-19,23.420000076293945,23.420000076293945,22.8700008392334,22.8700008392334,22.8700008392334,165500,-0.02227351937898281,-0.022525320229522396,0.14883808678717259,22.925750732421875,22.134077072143555,21.31440386405358,22.48023767390712,21.923652737243053,21.92006626114409,0.40040569955336025,0.24585005706084082,0.15455564249251943,59.94192655525677,21.907150077819825,23.21788461473387,20.59641554090578
2023-06-26,22.799999237060547,23.670000076293945,22.799999237060547,23.43000030517578,23.43000030517578,116800,0.024486202247168576,0.02419122081419671,0.1517741858997044,23.12825059890747,22.26007710970365,21.373826943911038,22.670190200160853,22.035234038571403,21.977044904315097,0.4589693010526048,0.28847390585919364,0.17049539519341117,64.10122152312843,21.9742000579834,23.442955606056383,20.505444509910415
2023-07-03,23.670000076293945,23.670000076293945,22.969999313354492,23.1200008392334,23.1200008392334,85000,-0.013230877588759737,-0.013319185441507106,0.15270715915452168,23.20275068283081,22.38700030400203,21.420942343198337,22.760152327975366,22.115587134916737,22.020175316953523,0.47489274310871465,0.3257576733090979,0.14913506979961677,60.36467377526932,22.026200103759766,23.57757369019774,20.47482651732179
2023-07-10,24.989999771118164,24.989999771118164,23.239999771118164,23.770000457763672,23.770000457763672,155500,0.02811416933113864,0.027726220526946527,0.1575646699733862,23.297500610351562,22.535000287569485,21.488826971787674,22.96212195393303,22.238136269942437,22.086206454342584,0.5338083126581274,0.36736780117890383,0.16644051147922362,64.97488327701257,22.13645009994507,23.846352636456473,20.426547563433665
2023-07-17,24.040000915527344,24.2450008392334,23.860000610351562,23.940000534057617,23.940000534057617,234300,0.007151875179641332,0.007126421807852952,0.15141803096783304,23.565000534057617,22.703538747934196,21.548634675832893,23.157697669957948,22.364200289506524,22.15616094791674,0.587445208702821,0.4113832826836873,0.17606192601913373,66.08594613059108,22.230950164794923,24.111670696580664,20.35022963300918
2023-07-24,23.975000381469727,24.235000610351562,23.780000686645508,24.010000228881836,24.010000228881836,171600,0.0029239637954325826,0.002919697327935099,0.1488479054703663,23.71000051498413,22.875154201801006,21.592865467071533,23.328158181742726,22.486111396126915,22.22611714719844,0.628357906801277,0.45477820750720527,0.17357969929407174,66.55638582046042,22.391450214385987,24.303922010150373,20.4789784186216
2023-07-31,24.083999633789062,24.229999542236328,23.59000015258789,23.617000579833984,23.617000579833984,187500,-0.016368165152081504,-0.01650360351936762,0.11553987452756974,23.834250450134277,23.032615808340218,21.625942413623516,23.38592666136098,22.5698809652904,22.27860331446771,0.6219008417771441,0.48820273436119305,0.13369810741595106,61.40626266414594,22.531450271606445,24.370951289296563,20.691949253916327
2023-08-07,23.639999389648438,23.850000381469727,23.399999618530273,23.43000030517578,23.43000030517578,108600,-0.007918036586656019,-0.007949550701859816,0.11729372963949167,23.749250411987305,23.18076970027043,21.640288573044998,23.39474139012394,22.633593508985616,22.322052257513295,0.5948372977908889,0.5095296470471322,0.08530765074375668,59.06425983622339,22.653000259399413,24.389797426097132,20.916203092701693
2023-08-14,23.329999923706055,23.604999542236328,22.81999969482422,22.940000534057617,22.940000534057617,73300,-0.020913348900380546,-0.02113513056285269,0.1241104697064695,23.499250411987305,23.247692841749924,21.655865522531364,23.303793218910677,22.656290325657615,22.34537106040176,0.5277665930082911,0.513177036239364,0.014589556768927148,53.325142666984924,22.710400295257568,24.40494885487904,21.015851735636094
2023-08-21,22.920000076293945,23.3700008392334,22.899999618530273,23.110000610351562,23.110000610351562,251400,0.007410639596174162,0.007383315715148464,0.11247663630944728,23.274250507354736,23.313077486478367,21.68528861265916,23.265034697198857,22.6898984948942,22.374225005682884,0.48276514556949834,0.5070946581053908,-0.02432951253589244,54.96027889363139,22.792400360107422,24.39515297406789,21.189647746146953
2023-08-28,23.5,23.940000534057617,23.260000228881836,23.819000244140625,23.819000244140625,86500,0.03067934292790464,0.03021814107060275,0.11618455353192543,23.324750423431396,23.405308209932766,21.74334632433378,23.37582780658721,22.773535661505047,22.428744826002045,0.4985643795243355,0.5053886023891798,-0.006824222864844298,61.08357738317457,22.891050338745117,24.491530160121666,21.290570517368568
2023-09-04,23.670000076293945,24.979999542236328,23.31999969482422,23.399999618530273,23.399999618530273,249400,-0.01759102486736086,-0.01774758570607365,0.11935970781949846,23.31725025177002,23.44976968031663,21.77851941035344,23.380662168975824,22.819940399062475,22.465395950248393,0.4718365000439704,0.49867818192013796,-0.02684168187616759,56.21919502781004,22.97360029220581,24.498470125647337,21.44873045876428
2023-09-11,23.3700008392334,23.6299991607666,22.6200008392334,23.290000915527344,23.290000915527344,130700,-0.004700799350262463,-0.004711882855391418,0.11940232202707271,23.40475034713745,23.442000462458683,21.82936558356652,23.36252991828613,22.85475969657839,22.496513118749487,0.4367439742851147,0.4862913403931334,-0.04954736610801869,54.98132229267612,23.049150371551512,24.47638697752399,21.621913765579034
2023-09-18,23.280000686645508,23.399999618530273,22.670000076293945,22.670000076293945,22.670000076293945,137500,-0.026620902312633477,-0.026981655321287004,0.12813237262693122,23.294750213623047,23.426615788386417,21.889115590315598,23.224023949887695,22.841073798779544,22.503059796392677,0.35481393445787646,0.45999585920608205,-0.10518192474820559,48.49922467861719,23.104150390625,24.37540094241317,21.832899838836834
2023-09-25,22.600000381469727,22.90999984741211,22.440000534057617,22.672000885009766,22.672000885009766,112400,8.825799334299944e-05,8.82540988354509e-05,0.1268246932591064,23.008000373840332,23.36830814068134,21.956211750323956,23.11361933691211,22.82854987924104,22.50943493181219,0.2867398773459726,0.4253446628340602,-0.13860478548808758,48.52031747804521,23.162550449371338,24.224477893657582,22.100623005085094
2023-10-02,22.719999313354492,22.81999969482422,22.2450008392334,22.670000076293945,22.670000076293945,184300,-8.82502045570499e-05,-8.825409883546768e-05,0.12659087890914938,22.82550048828125,23.333692697378304,22.0135194338285,23.024895484788477,22.816805449393108,22.51549399386811,0.22997820253343093,0.38627137077393436,-0.15629316824050343,48.49892617393035,23.192550468444825,24.158923913910975,22.226177022978675
2023-10-09,22.72800064086914,23.040000915527344,22.524999618530273,22.56599998474121,22.56599998474121,176200,-0.004587564675903488,-0.0045981198447826955,0.1211476988275139,22.644500255584717,23.24107727637658,22.078654032487137,22.933116384779023,22.798227266826302,22.517399880316148,0.17458966707172507,0.3439350300334925,-0.16934536296176744,47.33085104721211,23.207850456237793,24.123014042412585,22.292686870063
2023-10-16,22.639999389648438,22.920000076293945,22.264999389648438,22.31800079345703,22.31800079345703,119800,-0.010989949102715335,-0.011050784724224785,0.12187964561431384,22.55650043487549,23.11630806556115,22.12342328291673,22.810093266514624,22.762654935465616,22.50987538647241,0.10942105374918398,0.2970322347766308,-0.18761118102744684,44.57395105968379,23.192750453948975,24.154969451481023,22.230531456416927
2023-10-23,22.309999465942383,22.489999771118164,21.860000610351562,21.93000030517578,21.93000030517578,274100,-0.017385091607085124,-0.017537986970143606,0.12192860914866858,22.371000289916992,22.956308071429913,22.147942506350002,22.634074674246854,22.700976814703406,22.487993307932914,0.026164453890007877,0.24285867859930624,-0.21669422470929836,40.590430639656894,23.14815044403076,24.247843691337692,22.04845719672383
2023-10-30,22.190000534057617,22.959999084472656,21.8700008392334,22.81999969482422,22.81999969482422,168300,0.040583646934030604,0.03978175471505662,0.13675823546853716,22.40850019454956,22.895000311044548,22.195538667532112,22.67125967836233,22.709793324341984,22.50052185083447,0.03163385597924773,0.20061371407529455,-0.16897985809604682,51.334103261978605,23.11960039138794,24.222236389799576,22.016964392976305
2023-11-06,22.770000457763672,23.100000381469727,22.739999771118164,23.030000686645508,23.030000686645508,180700,0.00920249757360514,0.009160412587098803,0.13183463567114553,22.524500370025635,22.86423110961914,22.22457713347215,22.743007880018965,22.73351238821632,22.5205021842613,0.052310716154803316,0.17095311449119632,-0.118642398336393,53.47218987738404,23.127600383758544,24.22518672642701,22.030014041090077
2023-11-13,23.014999389648438,23.6299991607666,22.979999542236328,23.479999542236328,23.479999542236328,83500,0.01953968051124555,0.01935123181614158,0.13037660550329294,22.81500005722046,22.905769494863655,22.269884806412918,22.890406212462437,22.788807732958542,22.556709631732055,0.10381174646876445,0.15752484088670995,-0.0537130944179455,57.755195244151004,23.130100345611574,24.230654147685698,22.02954654353745
2023-11-20,23.639999389648438,23.75,22.530000686645508,23.75,23.75,135900,0.011499167931327658,0.011433555016652155,0.12622464890490365,23.269999980926514,22.955000217144306,22.315923250638523,23.06232496996995,22.8600071601468,22.601739456949712,0.16451701475322622,0.1589232756600132,0.005593739093213007,60.126864733795585,23.1616003036499,24.29477478188814,22.028425825411663
2023-11-27,23.770000457763672,23.989999771118164,23.6299991607666,23.950000762939453,23.950000762939453,133600,0.00842108475534542,0.00838582523178307,0.1246696798290633,23.552500247955322,22.96507718012883,22.359019426199104,23.23986012856385,22.94074742702033,22.6526172420814,0.22615776142422206,0.172370172812855,0.053787588611367065,61.83603821903651,23.17060031890869,24.325609108645086,22.015591529172294
2023-12-04,24.020000457763672,24.020000457763672,23.690000534057617,23.8700008392334,23.8700008392334,622900,-0.0033402889836166016,-0.0033458802031950553,0.11752149025070706,23.762500286102295,23.00123112018292,22.414673291719875,23.365888270697763,23.009581013110186,22.698556245747515,0.2654927369941902,0.19099468564912203,0.07449805134506815,60.71493931005623,23.16710033416748,24.31315146049101,22.021049207843948
2023-12-11,23.964000701904297,24.3799991607666,23.809999465942383,24.21500015258789,24.21500015258789,181300,0.014453259372636529,0.014349806647333097,0.1190887518865302,23.946250438690186,23.072384907649113,22.484000205993652,23.535710647075792,23.098871319738166,22.75578054411885,0.32080649228675284,0.2169570469766482,0.10384944531010465,63.76587719744333,23.177350330352784,24.356560105518955,21.998140555186612
2023-12-18,24.239999771118164,24.579999923706055,24.03499984741211,24.242000579833984,24.242000579833984,258400,0.0011150289934318547,0.0011144078103189979,0.11903182640951723,24.06925058364868,23.193308023306038,22.55384635925293,23.676968633627432,23.183547561226742,22.811864319051494,0.3626414458457248,0.24609392675046354,0.11654751909526123,64.00150545177407,23.208600330352784,24.463457695242415,21.953742965463153
2023-12-25,24.219999313354492,24.489999771118164,24.200000762939453,24.336999893188477,24.336999893188477,214900,0.003918790160970298,0.0039111317042104885,0.11591625597547359,24.166000366210938,23.321384870089016,22.62775021332961,23.80897488553964,23.26898847470539,22.869416604867983,0.39886374561569227,0.2766478905235093,0.12221585509218297,64.86718484165581,23.253950309753417,24.599793557907685,21.90810706159915
2024-01-01,24.100000381469727,24.329999923706055,23.989999771118164,24.05699920654297,24.05699920654297,372600,-0.011505143932053707,-0.011571840160476769,0.11677234912772298,24.21274995803833,23.428077110877403,22.688654055962196,23.858579749740308,23.327359640026692,22.914231042667037,0.4003613474054504,0.30139058189989754,0.09897076550555284,60.26699662139881,23.309800243377687,24.691133585498328,21.928466901257046
2024-01-08,24.209999084472656,24.239999771118164,23.8799991607666,24.049999237060547,24.049999237060547,297100,-0.00029097434066160943,-0.000291016681908748,0.11112536344559962,24.171499729156494,23.542230899517353,22.73826943911039,23.896863647204356,23.380888499066238,22.95709021981396,0.3964137575395057,0.3203952170278192,0.0760185405116865,60.15214862327052,23.356800174713136,24.771310959136635,21.942289390289638
2024-01-15,23.90999984741211,24.25,23.770000457763672,24.134000778198242,24.134000778198242,155100,0.003492787684094889,0.0034867020675858522,0.11084040728729368,24.14449977874756,23.681923206035908,22.789615594423733,23.944291073403136,23.436674593816754,23.001501938998274,0.39550435841860576,0.33541704530597655,0.060087313112629215,61.10991279774838,23.372550201416015,24.81405319505203,21.93104720778
2024-01-22,24.200000762939453,24.600000381469727,24.049999237060547,24.34000015258789,24.34000015258789,179200,0.008535649612464669,0.008499426932097544,0.10183232562804902,24.145249843597412,23.86730780968299,22.834807909452,24.023432889240087,23.503587598170174,23.052011305548824,0.4067176925809619,0.3496771747609736,0.05704051781998831,63.43119418118367,23.419550228118897,24.921594188236515,21.91750626800128
2024-01-29,24.239999771118164,24.690000534057617,23.969999313354492,24.575000762939453,24.575000762939453,174700,0.00965491408703123,0.009608603250180064,0.09793192419920557,24.274750232696533,24.002307891845703,22.878750214209923,24.13374646397996,23.58295153630123,23.109482605827715,0.4296145963250311,0.3656646590737851,0.06394993725124598,65.92955119071513,23.483800220489503,25.06597606244012,21.901624378538884
2024-02-05,24.420000076293945,25.020000457763672,24.2810001373291,24.988000869750977,24.988000869750977,200300,0.016805700670998736,0.016666047359490444,0.09961212182359767,24.50925064086914,24.152923290546124,22.934500217437744,24.304597345134166,23.687029264704915,23.180370087485198,0.4756037505559192,0.3876524773702119,0.08795127318570728,69.83055916340662,23.599700260162354,25.263917464068342,21.935483056256366
2024-02-12,24.920000076293945,25.030000686645508,24.43000030517578,24.57200050354004,24.57200050354004,111100,-0.016648005111706388,-0.01678814064395642,0.0929320091308769,24.61875057220459,24.23692336449256,22.982423305511475,24.35807797681534,23.752582689803816,23.23288444280802,0.47302993903843316,0.4047279697038562,0.06830196933457694,62.11569056427512,23.694700241088867,25.35315350928646,22.036246972891274
2024-02-19,24.350000381469727,25.190000534057617,24.309999465942383,25.027999877929688,25.027999877929688,140800,0.018557682119693553,0.01838758946465431,0.0953225276295967,24.79075050354004,24.335231047410232,23.049019446739784,24.49206235703821,23.8470580370724,23.300624647906954,0.5019987839371467,0.42418213255051435,0.07781665138663235,66.4864656800537,23.812600231170656,25.497949189376037,22.127251272965275
2024-02-26,25.15999984741211,25.489999771118164,24.729999542236328,25.270000457763672,25.270000457763672,177300,0.00966919374357933,0.009622746256241314,0.09527917905250631,24.964500427246094,24.436769485473633,23.11094254713792,24.647649977183303,23.95246117934583,23.374940716203433,0.5382792780874297,0.4470015616578974,0.09127771642953231,68.55958455503298,23.94780025482178,25.645235253447055,22.250365256196503
2024-03-04,25.597000122070312,26.600000381469727,25.25,25.549999237060547,25.549999237060547,207900,0.011080283902838328,0.011019347274060492,0.09432812900720558,25.105000019073486,24.566000131460335,23.202288700984074,24.82811982915875,24.070797331769143,23.457018396235778,0.5829060148375476,0.47418245229382744,0.10872356254372012,70.80951792564132,24.10940017700195,25.77041989213114,22.448380461872762
2024-03-11,25.329999923706055,26.030000686645508,25.329999923706055,25.579999923706055,25.579999923706055,151900,0.0011741952070978279,0.0011735063790652962,0.0906816797747425,25.35699987411499,24.671000113854042,23.293884864220253,24.978495848068214,24.182590116357062,23.537130906706356,0.6136203959572235,0.5020700410265067,0.11155035493071686,71.04858016784621,24.291900157928467,25.743911688403756,22.839888627453178
2024-03-18,25.770000457763672,25.850000381469727,25.25,25.790000915527344,25.790000915527344,267600,0.008209577499907361,0.008176062224433909,0.0819869176062256,25.547500133514404,24.790077062753532,23.386019486647385,25.14079686156004,24.301657582962267,23.622144869303376,0.6474437606155661,0.5311447849443185,0.11629897567124758,72.7320197208298,24.440400218963624,25.867176793431323,23.013623644495926
2024-03-25,25.8700008392334,26.114999771118164,25.389999389648438,25.6299991607666,25.6299991607666,106000,-0.006204022841442058,-0.006223347760771537,0.06639589033316666,25.637499809265137,24.889538544874924,23.459827166337234,25.238637321401356,24.40005325539222,23.69791295577369,0.653801598522346,0.555676147659924,0.09812545086242197,69.41994585836791,24.570400142669676,25.931750660762127,23.209049624577226
2024-04-01,25.479999542236328,25.579999923706055,24.969999313354492,25.149999618530273,25.149999618530273,92300,-0.018728035815588018,-0.018905626253830923,0.07590391889559724,25.53749990463257,24.97361549964318,23.530596402975227,25.22090978082714,24.45560483784689,23.752708678896578,0.6130415183162441,0.567149221791188,0.04589229652505611,60.516664294757,24.653900146484375,25.940282145410375,23.367518147558375
2024-04-08,25.239999771118164,25.239999771118164,24.559999465942383,24.597999572753906,24.597999572753906,167900,-0.021948312292206174,-0.022192759926886695,0.08193260753951857,25.29199981689453,25.01576937161959,23.583519458770752,25.09632773921249,24.466152595988152,23.7846064484761,0.5300865627274085,0.5597366899784322,-0.029650127251023672,52.221942348231934,24.69630012512207,25.91482607653744,23.477774173706702
2024-04-15,24.690000534057617,24.690000534057617,24.020000457763672,24.450000762939453,24.450000762939453,134500,-0.006016701048258577,-0.006034874326130904,0.08145597292677054,24.95699977874756,25.040077062753532,23.635461770571194,24.967062343957885,24.464956163910472,23.80971566788981,0.44724631853183894,0.5372386156891136,-0.08999229715727464,50.23389159513938,24.72130012512207,25.89732972587037,23.54527052437377
2024-04-22,24.28499984741211,25.1200008392334,24.200000762939453,25.040000915527344,25.040000915527344,110700,0.02413088483343495,0.02384433566954247,0.08794723709287597,24.809500217437744,25.093923275287334,23.698173339550312,24.98165005827178,24.507552071437647,23.85614152629123,0.4243117084023602,0.5146532342317629,-0.09034152582940269,57.22495866616695,24.779800128936767,25.895474169138925,23.66412608873461
2024-04-29,24.93000030517578,25.3799991607666,24.3700008392334,24.780000686645508,24.780000686645508,169300,-0.010383395342474233,-0.010437678883829385,0.08969542060121315,24.717000484466553,25.1096925001878,23.75990412785457,24.941320183946527,24.527733450341934,23.891004136115917,0.3807667766989198,0.4878759427251943,-0.10710916602627452,53.648342109053104,24.80805015563965,25.893285850470082,23.722814460809214
2024-05-06,25.18000030517578,25.358999252319336,24.969999313354492,25.0,25.0,87900,0.008878099566520747,0.008838920957539341,0.08816960091109824,24.817500591278076,25.110615510206955,23.827134902660664,24.953056147157223,24.56271615772401,23.932853036639845,0.3598609574644023,0.46227294567303595,-0.10241198820863368,56.14597515444124,24.84595012664795,25.902017078228393,23.789883175067505
2024-05-13,25.299999237060547,26.420000076293945,24.729999542236328,25.729999542236328,25.729999542236328,82100,0.029199981689453036,0.028781783634403542,0.09758910906189695,25.137500286102295,25.19969235933744,23.897519515110897,25.108444826173045,24.649181593613815,24.000669885907637,0.3976143565050485,0.4493412278394385,-0.05172687133438997,63.22675730736073,24.915600109100343,26.01121661673916,23.819983601461526
2024-05-20,25.93000030517578,26.59000015258789,25.729999542236328,26.540000915527344,26.540000915527344,100700,0.03148081568992578,0.03099545489758853,0.10675995084833692,25.512500286102295,25.316000131460335,23.97982722062331,25.39475604404391,24.789242284125926,24.09649369834612,0.4872775068250128,0.45692848363655336,0.030349023188459445,69.17424265713157,25.039750194549562,26.272235103565553,23.80726528553357
2024-05-27,26.75,27.239999771118164,26.09000015258789,26.399999618530273,26.399999618530273,84300,-0.005275105206012376,-0.005289067697533399,0.10489198679028132,25.917500019073486,25.402923143827,24.052519504840557,25.59580475894118,24.90855764222995,24.18341845005118,0.5408051991178091,0.47370382673280453,0.06710137238500458,67.15264121368523,25.157250213623048,26.437065958385148,23.877434468860947
2024-06-03,26.8799991607666,27.540000915527344,26.1200008392334,27.024999618530273,27.024999618530273,84900,0.023674242766326126,0.023398353707173917,0.10850074333668815,26.423749923706055,25.516384711632362,24.133346410898064,25.881643730859,25.0653311219559,24.290647928106996,0.6264373774199399,0.5042505368702316,0.1221868405497083,71.19922013792376,25.301800155639647,26.73100947693579,23.872590834343505
2024-06-10,24.989999771118164,27.90999984741211,24.989999771118164,27.809999465942383,27.809999465942383,178600,0.029047173302228613,0.028633299632242204,0.11404498215597586,26.94374990463257,25.687923137958233,24.21832715548002,26.26731487787568,25.26863988817712,24.423453646515878,0.7490102983628049,0.5532024891687463,0.1958078091940586,75.3129112446162,25.475300121307374,27.206031538541,23.744568704073746
2024-06-17,27.8700008392334,28.809999465942383,27.774999618530273,28.049999237060547,28.049999237060547,204700,0.008629981148042809,0.008592955727361956,0.11404862284476669,27.32124948501587,25.861769162691555,24.317942509284386,26.623851749712653,25.474666506612927,24.560304423517564,0.8556527646224801,0.613692544259493,0.24196022036298703,76.42174156332862,25.64905004501343,27.658622739653904,23.639477350372953
2024-06-24,29.3700008392334,29.469999313354492,27.520000457763672,27.87700080871582,27.87700080871582,126700,-0.006167502069524322,-0.006186599673913695,0.11563856561898087,27.690499782562256,26.034615443303036,24.40346174973708,26.87448156151329,25.652617195657587,24.685462777675987,0.9156530813440362,0.6740846516764017,0.24156842966763448,73.84694018677997,25.79350004196167,27.998103164350045,23.588896919573298
2024-07-01,27.899999618530273,28.399999618530273,27.84000015258789,28.343000411987305,28.343000411987305,123000,0.01671627469787884,0.016578095545582636,0.11561856157629186,28.019999980926514,26.280230888953575,24.503904049213116,27.168185331608093,25.85190484131164,24.823483065763206,0.9894008410723956,0.7371478895556005,0.25225295151679505,76.17545736838561,25.982050037384035,28.373628747572933,23.590471327195136
2024-07-08,28.649999618530273,29.06999969482422,28.40999984741211,28.75,28.75,159300,0.014359791909700492,0.014257666602252958,0.11016842095517193,28.255000114440918,26.599615537203274,24.5996732711792,27.484548265286477,26.066578556770036,24.971653516111765,1.0683724052472243,0.8033927926939253,0.26497961255329905,78.01643365419562,26.16815004348755,28.80090201351816,23.53539807345694
2024-07-15,29.059999465942383,29.059999465942383,27.889999389648438,27.969999313354492,27.969999313354492,139900,-0.027130458665930668,-0.027505284578848082,0.12093127746456944,28.235000133514404,26.87038465646597,24.67717324770414,27.581638474900082,26.207572686887403,25.084798640536018,1.055847252258662,0.8538836846068727,0.20196356765178924,67.28564288070709,26.30314998626709,29.01358917947821,23.59271079305597
2024-07-22,28.049999237060547,28.350000381469727,26.0,27.645000457763672,27.645000457763672,189900,-0.011619551790108429,-0.011687586315972645,0.12344355714513693,28.177000045776367,27.070769236637997,24.74707709825956,27.594310871472803,26.314048818063423,25.18141002986536,1.0080758162545784,0.8847221109364138,0.12335370531816459,63.3742622541442,26.407900047302245,29.1554909277487,23.66030916685579
2024-07-29,27.610000610351562,28.240999221801758,26.899999618530273,26.99799919128418,26.99799919128418,176300,-0.0234039159257019,-0.023682137116560448,0.13007500783704434,27.840749740600586,27.241384506225586,24.81209630232591,27.475048535435082,26.364711808672368,25.249960564258526,0.9075473728711998,0.8892871633233711,0.0182602095478287,56.35131061492906,26.47880001068115,29.210412740205513,23.74718728115679
2024-08-05,26.690000534057617,27.389999389648438,26.398000717163086,27.243999481201172,27.243999481201172,196900,0.009111797069629057,0.009070535104411529,0.13042166053518756,27.46424961090088,27.41399985093337,24.885442440326397,27.428838724588303,26.429844228859686,25.32520731584127,0.8380673064773596,0.8790431919541689,-0.040975885476809304,58.24592487147144,26.551499938964845,29.283309630918072,23.819690247011618
2024-08-12,27.360000610351562,29.25,26.84000015258789,29.010000228881836,29.010000228881836,201500,0.0648216407763198,0.0628073116866794,0.15952547663005043,27.724249839782715,27.666307596059944,25.0021732036884,27.74507102544701,26.620966895527992,25.46425610501261,0.9149582849697886,0.8862262105572929,0.0287320744124957,68.73700351063059,26.720499992370605,29.61662708196895,23.82437290277226
2024-08-19,29.350000381469727,29.700000762939453,28.90999984741211,29.0,29.0,314700,-0.0003447166081673725,-0.00034477603659504875,0.15869967648352437,28.062999725341797,27.855538294865536,25.1154424227201,27.996056820357612,26.79719156993333,25.59768040293666,0.9639758904878697,0.9017761465434083,0.06219974394446137,68.63184348606248,26.91300001144409,29.87699340918339,23.94900661370479
2024-08-26,29.56999969482422,29.56999969482422,27.68000030517578,28.18000030517578,28.18000030517578,283100,-0.0282758515456627,-0.028683312686423188,0.16312987697520065,28.358500003814697,27.992461424607498,25.19930780850924,28.03284551732125,26.899621846617954,25.695126436983422,0.9259814360731795,0.9066172044493626,0.019364231623816952,60.463370615053776,27.092100048065184,29.90388988943092,24.280310206699447
2024-09-02,28.280000686645508,28.280000686645508,26.93000030517578,26.950000762939453,26.950000762939453,182100,-0.043647960571895905,-0.044629191635603346,0.17568810280570538,28.285000324249268,27.986692281869743,25.26757706128634,27.81627656644489,26.903353618197325,25.742480185132706,0.7875415845320113,0.8828020804658923,-0.09526049593388097,50.713200959386576,27.217100048065184,29.757092730511694,24.677107365618674
2024-09-09,27.049999237060547,28.959999084472656,27.030000686645508,28.400999069213867,28.400999069213867,169300,0.05384038089786514,0.052440997377410335,0.1895344258529728,28.132750034332275,28.0321537898137,25.36586548731877,27.933221066998687,27.014290318272625,25.842801652456522,0.7858516331466383,0.8634119910020415,-0.07756035785540316,59.09348821358169,27.38514995574951,29.76653001631669,25.003769895182334
2024-09-16,28.59000015258789,29.149999618530273,28.25,29.06999969482422,29.06999969482422,118400,0.023555531408595343,0.02328238103096401,0.18941366260486384,28.15024995803833,28.11061536348783,25.48894240305974,28.160576792563795,27.16656508690608,25.964582710659077,0.8289395942677906,0.8565175116551914,-0.027577917387400785,62.27816528659527,27.599649906158447,29.76697850693743,25.432321305379464
2024-09-23,29.0,29.43000030517578,28.530000686645508,29.049999237060547,29.049999237060547,130000,-0.0006880102502110352,-0.00068824703787769,0.18776213503025657,28.36774969100952,28.20084601182204,25.611596217522255,28.338461281463147,27.306078727658264,26.08101352297611,0.8516558851904783,0.8555451863622489,-0.003889301171770554,62.122454157710855,27.802149868011476,29.70013696885394,25.904162767169012
2024-09-30,29.0,29.020000457763672,28.479999542236328,29.020000457763672,29.020000457763672,121700,-0.001032660243880601,-0.0010331938048266588,0.18820850820293,28.885249614715576,28.252922938420223,25.733711609473595,28.47476911672325,27.433035892851258,26.191918690326585,0.857355003830552,0.8559071498559095,0.0014478539746424213,61.87257481008752,27.96664991378784,29.678953798030538,26.254346029545143
2024-10-07,28.799999237060547,30.649999618530273,28.59000015258789,29.565000534057617,29.565000534057617,241700,0.01878015395234578,0.018605984106522255,0.18594089432813168,29.176249980926514,28.315615287193886,25.868307773883526,28.692815400190128,27.590959199607283,26.31920479763719,0.895525487440036,0.8638308173727348,0.0316946700673012,64.65419185278787,28.117899894714355,29.833813014102212,26.4019867753265
2024-10-14,29.40999984741211,29.899999618530273,28.25,29.420000076293945,29.420000076293945,141900,-0.004904463221525601,-0.0049165295700798655,0.1824267372173899,29.263750076293945,28.427153807419998,26.00488468316885,28.838252335410893,27.726443708991482,26.43621594022801,0.9036587302476242,0.8717963999477127,0.03186233029991148,63.33037049555771,28.26889991760254,29.88197477960668,26.6558250555984
