Date,Open,High,Low,Close,Adj Close,Volume,Simple Return,Log Return,Volatility,SMA_10,SMA_50,SMA_200,EMA_12,EMA_26,EMA_50,MACD,Signal Line,Histogram,RSI,Middle Band,Upper Band,Lower Band
2024-02-07,12.850000381469727,13.260000228881836,12.630000114440918,13.220000267028809,13.220000267028809,12732800,,,,,,,13.220000267028809,13.220000267028809,13.220000267028809,0.0,0.0,0.0,,13.220000267028809,13.220000267028809,13.220000267028809
2024-02-08,13.020000457763672,13.239999771118164,13.0,13.0600004196167,13.0600004196167,1630300,-0.012102862646013346,-0.012176698644190704,,,,,13.195384905888485,13.208148426479763,13.213725763208727,-0.012763520591278166,-0.0025527041182556334,-0.010210816473022532,0.0,13.140000343322754,13.300000190734863,12.980000495910645
2024-02-09,13.010000228881836,13.449999809265137,12.949999809265137,13.119999885559082,13.119999885559082,2062100,0.004594139664211738,0.004583618815111818,,,,,13.183787210453191,13.201618904930083,13.210050238595015,-0.017831694476891258,-0.005608502189982758,-0.0122231922869085,27.27256964011687,13.133333524068197,13.265326728235618,13.001340319900777
2024-02-12,13.949999809265137,14.5600004196167,13.100000381469727,13.149999618530273,13.149999618530273,1161200,0.002286565032993071,0.0022839548213565357,,,,,13.178589119388127,13.197795254085651,13.207695312317966,-0.019206134697524746,-0.008328028691491157,-0.010878106006033589,35.99981689383276,13.137500047683716,13.252717118850496,13.022282976516935
2024-02-13,13.149999618530273,13.5600004196167,13.010000228881836,13.350000381469727,13.350000381469727,1631700,0.015209183934699277,0.015094683806100961,,,,,13.204960082785295,13.209069707965952,13.213275903265096,-0.0041096251806571615,-0.007484347989324358,0.0033747228086671967,64.44446328246362,13.180000114440919,13.378796667681831,12.981203561200006
2024-02-14,13.399999618530273,13.899999618530273,13.25,13.760000228881836,13.760000228881836,1157600,0.03071159817951785,0.030249435718282258,,,,,13.290350874492455,13.249879376181944,13.234716072897125,0.04047149831051122,0.0021068212706427582,0.03836467703986846,81.39535915278202,13.27666680018107,13.74551896660111,12.80781463376103
2024-02-15,13.760000228881836,13.850000381469727,13.350000381469727,13.640000343322754,13.640000343322754,479400,-0.00872092177056838,-0.008759171553446181,,,,,13.344143100466347,13.27877722559978,13.250609573698132,0.06536587486656664,0.014758631989827535,0.05060724287673911,71.4285853305359,13.328571592058454,13.831639916056695,12.825503268060213
2024-02-16,13.5,14.0,13.460000038146973,13.869999885559082,13.869999885559082,203600,0.016862136103165115,0.016721548490167108,,,,,13.425044144326767,13.322571496707877,13.27489938984954,0.10247264761889063,0.03230143511564016,0.07017121250325048,76.85950869184158,13.396250128746033,13.9875992493786,12.804901008113465
2024-02-20,13.75,13.888999938964844,13.359999656677246,13.40999984741211,13.40999984741211,524200,-0.0331651075661441,-0.033727540160850215,,,,,13.422729637109128,13.329047670834116,13.280197447008856,0.09368196627501213,0.04457754134751456,0.04910442492749757,55.688613179785975,13.397777875264486,13.955374150409225,12.840181600119747
2024-02-21,13.40999984741211,13.5600004196167,13.25,13.399999618530273,13.399999618530273,194200,-0.0007457292315902198,-0.0007460074259473515,,13.398000049591065,,,13.419232711173919,13.334303370663461,13.284895571382245,0.08492934051045786,0.05264790118010322,0.03228143933035464,55.35712562450082,13.398000049591065,13.926984002524696,12.869016096657434
2024-02-22,13.350000381469727,13.65999984741211,13.0,13.550000190734863,13.550000190734863,888800,0.011194072871252958,0.011131882913108234,,13.43100004196167,,,13.439350784952525,13.350280912890973,13.2952918309647,0.08906987206155215,0.05993229535639301,0.029137576705159138,59.016391733988435,13.4118182442405,13.923700237574508,12.899936250906492
2024-02-23,13.550000190734863,13.800000190734863,13.506999969482422,13.600000381469727,13.600000381469727,514500,0.0036900509248001256,0.0036832593891670336,,13.485000038146973,,,13.464066107493633,13.368778651304215,13.307241185886467,0.0952874561894177,0.06700332752299795,0.028284128666419744,60.10638540716057,13.427500089009603,13.928507475925107,12.9264927020941
2024-02-26,13.460000038146973,13.619999885559082,13.25,13.260000228881836,13.260000228881836,248400,-0.025000010518466453,-0.025317818772460653,,13.499000072479248,,,13.43267135693797,13.360720990384038,13.305388599337267,0.07195036655393139,0.06799273532918464,0.003957631224746752,50.90089993337168,13.41461548438439,13.904175173179253,12.925055795589527
2024-02-27,13.260000228881836,13.979999542236328,13.260000228881836,13.550000190734863,13.550000190734863,922000,0.02187028332181873,0.02163455938329355,,13.539000129699707,,,13.450721946752877,13.374741671891506,13.314981210764623,0.07598027486137049,0.06959024323562181,0.0063900316257486794,56.573703060040444,13.424285820552281,13.90116347542022,12.947408165684344
2024-02-28,13.579999923706055,13.989999771118164,13.449999809265137,13.640000343322754,13.640000343322754,184100,0.006642077588266737,0.006620116183522076,,13.56800012588501,,,13.47984170007132,13.394390462367895,13.327727059100237,0.08545123770342578,0.0727624421291826,0.01268879557424317,58.188256576116686,13.43866678873698,13.911776674109179,12.96555690336478
2024-02-29,13.699999809265137,13.779999732971191,13.5,13.670000076293945,13.670000076293945,496200,0.0021993938574844663,0.0021969787313750335,,13.55900011062622,,,13.509096834874802,13.41480598932538,13.341149530362735,0.09429084554942158,0.0770681228132304,0.017222722736191173,58.73893605922048,13.45312511920929,13.92470332334131,12.981546915077269
2024-03-01,13.619999885559082,14.005000114440918,13.479999542236328,13.680000305175781,13.680000305175781,559800,0.0007315456346761451,0.0007312781855945286,,13.563000106811524,,,13.53538967645957,13.434450012721706,13.354437796041678,0.10093966373786323,0.08184243099815697,0.01909723273970626,58.9331005324411,13.466470718383789,13.936261303810783,12.996680132956795
2024-03-04,13.609999656677246,13.805000305175781,13.5,13.75,13.75,369200,0.005116936642006742,0.005103889610004901,,13.551000118255615,,,13.568406649311942,13.457824085853433,13.369950039334162,0.11058256345850914,0.0875904574902274,0.022992105968281745,60.33996834289709,13.482222345140245,13.956894484920856,13.007550205359635
2024-03-05,13.800000190734863,14.010000228881836,13.600000381469727,13.789999961853027,13.789999961853027,364300,0.002909088134765536,0.0029048649263521214,,13.589000129699707,,,13.602497928164418,13.482429706297847,13.386422585315293,0.12006822186657118,0.09408601036549616,0.02598221150107502,61.15881386010409,13.498421167072497,13.980446020727227,13.016396313417767
2024-03-06,13.850000381469727,14.050000190734863,13.670000076293945,13.75,13.75,442500,-0.002900649888591622,-0.002904864926352218,,13.62400016784668,,,13.62519055460066,13.502249728053563,13.400680523146066,0.12294082654709726,0.09985697360181639,0.02308385294528087,59.82853715267916,13.511000108718871,13.993448058561631,13.028552158876112
2024-03-07,13.84000015258789,14.0,13.729999542236328,13.800000190734863,13.800000190734863,327900,0.003636377507989952,0.003629781871945412,,13.64900016784668,,,13.652084344775153,13.524305317881808,13.41634011795347,0.12777902689334475,0.10544138426012206,0.022337642633222687,60.971319616801736,13.540000104904175,14.018706751088258,13.061293458720092
2024-03-08,13.779999732971191,13.850000381469727,13.710000038146973,13.8100004196167,13.8100004196167,365100,0.0007246542567840297,0.0007243918216635904,0.22108941490003542,13.670000171661377,,,13.676379125520006,13.545467918010319,13.431777776842223,0.130911207509687,0.11053534891003505,0.020375858599651936,61.20900354634829,13.577500104904175,14.01571825550336,13.13928195430499
2024-03-11,13.819999694824219,13.9399995803833,13.699999809265137,13.850000381469727,13.850000381469727,703900,0.002896448996207779,0.0028922623700983353,0.21522071539994603,13.729000186920166,,,13.70309008797381,13.568025878266571,13.448178663298204,0.1350642097072381,0.11544112106947567,0.019623088637762423,62.200600474469,13.614000129699708,14.013620112032639,13.214380147366777
2024-03-12,13.869999885559082,13.920000076293945,13.699999809265137,13.819999694824219,13.819999694824219,478400,-0.002166114499581262,-0.0021684639189479445,0.21575779234928874,13.756000137329101,,,13.72107618133541,13.58669060541899,13.462759880220794,0.1343855759164203,0.1192300120388646,0.015155563877555706,60.94231414160522,13.647500133514404,13.994825627180838,13.30017463984797
2024-03-13,13.75,13.90999984741211,13.699999809265137,13.760000228881836,13.760000228881836,435200,-0.004341495460730926,-0.004350947118287843,0.21699074804652996,13.76800012588501,,,13.727064496342553,13.599528355305127,13.474416364482012,0.12753614103742628,0.12089123783857694,0.0066449031988493334,58.39792692062113,13.66800012588501,13.990155420114453,13.345844831655567
2024-03-14,13.850000381469727,13.850000381469727,13.640000343322754,13.800000190734863,13.800000190734863,543800,0.002906973923522793,0.002902756845473983,0.21212914055202675,13.781000137329102,,,13.738285372402908,13.614378120892514,13.487184357668399,0.12390725151039383,0.12149444057294032,0.002412810937453519,59.60866268778812,13.670000123977662,13.994900159780006,13.345100088175318
2024-03-15,13.789999961853027,13.989999771118164,13.532999992370605,13.59000015258789,13.59000015258789,5803900,-0.015217393858296013,-0.015334366593519838,0.19333875173495513,13.772000122070313,,,13.715472261662136,13.612572345462542,13.491216349626027,0.10289991619959338,0.11777553569827094,-0.014875619498677564,51.186322013464455,13.667500114440918,13.994050316998248,13.340949911883587
2024-03-18,13.59000015258789,13.890000343322754,13.579999923706055,13.829999923706055,13.829999923706055,940200,0.017660027109893894,0.017505900769106623,0.20028887827695033,13.780000114440918,,,13.733091901976586,13.628678091999099,13.504501979982107,0.10441380997748695,0.11510319055411415,-0.010689380576627203,58.417515712214986,13.665500116348266,13.987523471033,13.343476761663531
2024-03-19,13.819999694824219,14.140000343322754,13.75,13.899999618530273,13.899999618530273,991800,0.0050614385546186025,0.005048672532667859,0.19280265929387735,13.791000080108642,,,13.758770012215614,13.648775982853259,13.520011691297723,0.1099940293623547,0.11408135831576227,-0.004087328953407576,60.266345690726126,13.690000104904176,14.005023864365084,13.374976345443267
2024-03-20,13.819999694824219,14.085000038146973,13.699999809265137,14.039999961853027,14.039999961853027,715800,0.010071967421935613,0.010021583187863769,0.1533810746741719,13.820000076293946,,,13.802036158313678,13.677755536853242,13.540403388182245,0.12428062146043573,0.11612121094469696,0.008159410515738763,63.738871598287886,13.722000122070312,14.042661763343126,13.401338480797499
2024-03-21,14.100000381469727,14.329999923706055,14.0,14.180000305175781,14.180000305175781,890400,0.009971534451790331,0.009922146744901153,0.155163431306921,13.858000087738038,,,13.860184488600154,13.714958853025282,13.565485620221207,0.14522563557487267,0.12194209587073211,0.023283539704140557,66.85811243899307,13.753500127792359,14.120775126956293,13.386225128628425
2024-03-22,14.420000076293945,14.579999923706055,13.6899995803833,13.930000305175781,13.930000305175781,1071400,-0.017630465064852552,-0.017787732926022256,0.16666598139837718,13.870000076293945,,,13.870925383457944,13.730887849480876,13.579780313748836,0.1400375339770683,0.12556118349199935,0.014476350485068956,57.36797118722174,13.770000123977661,14.13785872944104,13.402141518514282
2024-03-25,13.949999809265137,14.649999618530273,13.930000305175781,14.569999694824219,14.569999694824219,1410400,0.04594396092085096,0.044919789562100604,0.22260515018632593,13.942000007629394,,,13.978475277514296,13.793044282469273,13.618612446340029,0.18543099504502258,0.137535145802604,0.047895849242418576,69.3587874287113,13.83550009727478,14.276112003238694,13.394888191310866
2024-03-26,14.800000190734863,14.850000381469727,14.220000267028809,14.489999771118164,14.489999771118164,1146300,-0.005490729264357785,-0.005505858724880848,0.2010987259880657,14.009000015258788,,,14.057171353453352,13.844670614961784,13.652784498292112,0.2125007384915687,0.15252826434039696,0.05997247415117174,66.82850393734219,13.882500076293946,14.387153209496647,13.377846943091244
2024-03-27,14.3100004196167,14.619999885559082,14.220000267028809,14.359999656677246,14.359999656677246,751000,-0.008971712663518261,-0.009012200824934898,0.1958798798837127,14.06899995803833,,,14.103760323180106,13.882843136570335,13.680518426071922,0.22091718660977122,0.1662060487942718,0.05471113781549941,62.818072103714016,13.91850004196167,14.450788253830034,13.386211830093306
2024-03-28,14.350000381469727,14.899999618530273,14.25,14.75,14.75,1381300,0.027158798930848604,0.026796543074020657,0.21186849460994564,14.163999938964844,,,14.203181811921628,13.947076978305866,13.722458879951455,0.25610483361576186,0.18418580575856983,0.07191902785719204,68.85625394372636,13.972500038146972,14.603051171361516,13.341948904932428
2024-04-01,14.899999618530273,14.899999618530273,14.300000190734863,14.489999771118164,14.489999771118164,2652900,-0.01762713416148043,-0.017784342249085865,0.22401825424743085,14.25399990081787,,,14.247307651798018,13.987293481477147,13.752558522742307,0.26001417032087026,0.19935147867102992,0.06066269164984034,61.66645581926978,14.013000011444092,14.666822400336736,13.359177622551448
2024-04-02,14.430000305175781,14.586000442504883,14.039999961853027,14.100000381469727,14.100000381469727,1208600,-0.026915072174520938,-0.027283916098030214,0.24602315723091772,14.280999946594239,,,14.224644994824434,13.995642140735857,13.766183693672795,0.22900285408857712,0.2052817537545394,0.023721100334037737,52.766173438086405,14.030500030517578,14.673880730585582,13.387119330449574
2024-04-03,14.170000076293945,14.430000305175781,13.850000381469727,13.979999542236328,13.979999542236328,2321100,-0.008510697587718052,-0.00854712037723161,0.24790467574578323,14.288999938964844,,,14.187007232887801,13.994483429735892,13.77456862891058,0.19252380315190898,0.20273016363401333,-0.010206360482104354,50.35778541243957,14.040000009536744,14.674444435843993,13.405555583229495
2024-04-04,14.15999984741211,14.210000038146973,13.75,13.819999694824219,13.819999694824219,977200,-0.011444910776192696,-0.011510907804141423,0.2511972030269692,14.266999912261962,,,14.130544534724173,13.981558708631322,13.776350239338568,0.14898582609285071,0.19198129612578083,-0.04299547003293011,47.260447043129915,14.043499994277955,14.672253329925601,13.414746658630309
2024-04-05,13.770000457763672,13.890000343322754,13.569999694824219,13.619999885559082,13.619999885559082,482300,-0.01447176654714688,-0.014577503938390362,0.25592958317607406,14.210999870300293,,,14.051999204083389,13.954776573588934,13.770218852915843,0.09722263049445523,0.17302956299951572,-0.07580693250506049,43.64662015310758,14.034499979019165,14.681816588987797,13.387183369050533
2024-04-08,13.699999809265137,13.770000457763672,13.520000457763672,13.630000114440918,13.630000114440918,593900,0.0007342312016052066,0.0007339617857441231,0.255562284957282,14.180999851226806,,,13.987076267215315,13.930719058096487,13.764720078858003,0.056357209118827356,0.14969509222337804,-0.09333788310455068,43.87770421355181,14.025499963760376,14.689833321418286,13.361166606102467
2024-04-09,13.640000343322754,13.880000114440918,13.600000381469727,13.789999961853027,13.789999961853027,584800,0.011738800151776196,0.01167043493423901,0.2588952875289849,14.102999877929687,,,13.956756835621118,13.920295421337713,13.765711446818592,0.03646141428340499,0.12704835663538344,-0.09058694235197845,47.58135574156012,14.022499942779541,14.690508055826324,13.354491829732758
2024-04-10,13.649999618530273,13.649999618530273,13.09000015258789,13.180000305175781,13.180000305175781,823300,-0.044234928090259196,-0.0452431368101117,0.30014320938963285,13.97199993133545,,,13.837255830937218,13.865458746066457,13.742742382440444,-0.02820291512923845,0.09599810228245907,-0.12420101741169752,37.437625514764065,13.99049997329712,14.749379874662889,13.23162007193135
2024-04-11,13.199999809265137,13.369999885559082,13.039999961853027,13.260000228881836,13.260000228881836,655100,0.006069796802253391,0.006051449789969124,0.30148989729032266,13.861999988555908,,,13.74844727677485,13.820609967015743,13.723811317595008,-0.0721626902408925,0.06236594377778877,-0.13452863401868126,39.26629541540054,13.965499973297119,14.78372894710578,13.147270999488457
2024-04-12,13.180000305175781,13.640000343322754,13.020000457763672,13.630000114440918,13.630000114440918,1606800,0.027903459967759225,0.02752125208590358,0.3173078484668716,13.75,,,13.730224636415784,13.806490718676868,13.720132446883083,-0.07626608226108367,0.03463953857001428,-0.11090562083109795,46.98458329011379,13.956999969482421,14.78539821234237,13.128601726622472
2024-04-15,13.630000114440918,13.630000114440918,13.210000038146973,13.25,13.25,642400,-0.027879685344852634,-0.028275701672462246,0.33058072188991744,13.626000022888183,,,13.656343923121048,13.765269183960061,13.701695880338649,-0.10892526083901366,0.005926578688208697,-0.11485183952722236,41.194354514902805,13.939999961853028,14.810700637163068,13.069299286542988
2024-04-16,13.1899995803833,13.25,12.8100004196167,13.0,13.0,872800,-0.018867924528301883,-0.019048194970694474,0.3326190015975151,13.51599998474121,,,13.55536793494858,13.708582577740799,13.674178394835174,-0.15321464279221964,-0.025901665607876972,-0.12731297718434267,37.88636413732405,13.898499965667725,14.860545001635433,12.936454929700016
2024-04-17,13.0,13.229999542236328,12.979999542236328,13.010000228881836,13.010000228881836,696700,0.0007692483755259438,0.0007689526556392965,0.3255087615964048,13.419000053405762,,,13.471465210938312,13.656835737084581,13.648132192248768,-0.1853705261462686,-0.057795437715555294,-0.1275750884307133,38.10048962445303,13.853999996185303,14.89106102079106,12.816938971579546
2024-04-18,13.050000190734863,13.454999923706055,12.920000076293945,13.420000076293945,13.420000076293945,1165100,0.0315142075479693,0.031027827111452647,0.34442976968673517,13.379000091552735,13.697600059509277,,13.463547497916101,13.639292354803793,13.639185834760344,-0.17574485688769137,-0.08138532154998251,-0.09435953533770886,46.277524779178684,13.82300000190735,14.872954076532935,12.773045927281764
2024-04-19,13.420000076293945,13.5600004196167,13.03499984741211,13.210000038146973,13.210000038146973,868600,-0.015648288893673867,-0.0157720158066601,0.34495743459031136,13.338000106811524,13.697400054931641,,13.424540196413158,13.607492923940326,13.622355019206879,-0.18295272752716762,-0.10169880274541954,-0.08125392478174809,43.13445968641619,13.774499988555908,14.843452046157092,12.705547930954724
2024-04-22,13.1899995803833,13.270000457763672,13.020000457763672,13.25,13.25,404700,0.0030280061875487263,0.0030234310102628206,0.3426606267838507,13.300000095367432,13.701200046539306,,13.397687858503442,13.581011966611412,13.607752861590923,-0.1833241081079695,-0.11802386381792954,-0.06530024429003997,43.915814970734324,13.74049997329712,14.830554318366513,12.650445628227725
2024-04-23,13.3100004196167,13.718999862670898,13.3100004196167,13.619999885559082,13.619999885559082,733400,0.027924519664836334,0.02754173988671813,0.35364117847730525,13.283000087738037,13.711200046539307,,13.431889708819694,13.583899960607535,13.608233137040655,-0.152010251787841,-0.12482114141191183,-0.027189110375929165,50.668143154503596,13.692999982833863,14.714999775130757,12.671000190536969
2024-04-24,13.579999923706055,13.8100004196167,13.579999923706055,13.6899995803833,13.6899995803833,412200,0.005139478370953299,0.005126316330078177,0.31501682826088995,13.33400001525879,13.722000045776367,,13.47159891982948,13.591759191702037,13.611439664230563,-0.12016027187255673,-0.12388896750404083,0.0037286956314840913,51.84926656014431,13.652999973297119,14.607486034159752,12.698513912434485
2024-04-25,13.600000381469727,13.710000038146973,13.350000381469727,13.6899995803833,13.6899995803833,300100,0.0,0.0,0.31503415140827595,13.376999950408935,13.72880002975464,,13.505199021453144,13.599036257530278,13.614520445256161,-0.09383723607713357,-0.11787862121865937,0.024041385141525803,51.84926656014431,13.619499969482423,14.517753120372367,12.721246818592478
2024-04-26,13.699999809265137,13.920000076293945,13.609999656677246,13.680000305175781,13.680000305175781,317200,-0.00073040726910234,-0.0007306741464524027,0.3142874794099976,13.381999969482422,13.727200031280518,,13.532091526641242,13.605033594392909,13.617088282900069,-0.07294206775166678,-0.10889131052526085,0.03594924277359407,51.644417987461495,13.565999984741211,14.301211331184007,12.830788638298415
2024-04-29,13.680000305175781,14.010000228881836,13.680000305175781,13.869999885559082,13.869999885559082,426800,0.013888857905318464,0.013793291573197397,0.3026970067802719,13.44399995803833,13.731800022125244,,13.584077428013217,13.624660727071884,13.627006384965128,-0.04058329905866742,-0.09522970823194217,0.05464640917327475,55.26136277656263,13.534999990463257,14.155015951751206,12.914984029175308
2024-04-30,13.859999656677246,14.010000228881836,13.729999542236328,13.729999542236328,13.729999542236328,229700,-0.010093752305543768,-0.010145039636292177,0.2992805731994982,13.516999912261962,13.729000015258789,,13.606526984047541,13.632463602269251,13.631045332309096,-0.025936618221710006,-0.08137109022989575,0.05543447200818574,52.1651091562227,13.516499948501586,14.088173511570872,12.9448263854323
2024-05-01,13.789999961853027,14.119999885559082,13.704999923706055,13.880000114440918,13.880000114440918,954800,0.010925023831439784,0.01086577688420068,0.2890847565875779,13.603999900817872,13.738400020599364,,13.64859977333883,13.650799640207893,13.640808264941716,-0.0021998668690628165,-0.06553684555772916,0.06333697868866635,55.06981175536582,13.511499977111816,14.068429742258076,12.954570211965557
2024-05-02,13.949999809265137,14.020000457763672,13.890000343322754,13.970000267028809,13.970000267028809,245900,0.0064841607958097125,0.006463229059634911,0.28867916539838984,13.658999919891357,13.749800033569336,,13.698046003137287,13.674444131083517,13.653717755219642,0.023601872053770734,-0.04770910203542919,0.07131097408919992,56.76616261854127,13.519000005722045,14.096023271799176,12.941976739644915
2024-05-03,14.149999618530273,14.164999961853027,13.710000038146973,13.729999542236328,13.729999542236328,727600,-0.01717972227666431,-0.017329005943835584,0.29210457252272864,13.710999870300293,13.753400020599365,,13.702961932229446,13.678559346724466,13.656709197847746,0.024402585504979868,-0.03328676452734738,0.057689350032327245,51.21333150191258,13.524499988555908,14.107336857744926,12.94166311936689
2024-05-06,13.789999961853027,14.010000228881836,13.729999542236328,14.0,14.0,540300,0.01966500122109216,0.019474143175778044,0.29481795757896506,13.785999870300293,13.76140001296997,,13.74866009650184,13.702369765485615,13.670171582245874,0.04629033101622504,-0.017371345418632896,0.06366167643485793,56.382517445527235,13.542999982833862,14.160514204368262,12.925485761299463
2024-05-07,14.130000114440918,14.149999618530273,13.914999961853027,13.989999771118164,13.989999771118164,673000,-0.0007143020629882812,-0.0007145572982574997,0.2948926017847822,13.822999858856202,13.776000003814698,,13.785789277212045,13.723675691828767,13.682713864162436,0.062113585383277936,-0.0014743592582507296,0.06358794464152867,56.145235865320615,13.55299997329712,14.19228377473301,12.913716171861228
2024-05-08,13.970000267028809,14.029999732971191,13.729999542236328,13.779999732971191,13.779999732971191,558900,-0.015010724916558638,-0.01512452610948654,0.2974228082795783,13.83199987411499,13.780599994659424,,13.784898578098066,13.727847843024502,13.686528996272582,0.057050735073563175,0.010230659608112053,0.046820075465451125,51.266089244410644,13.58299994468689,14.205546178583992,12.960453710789787
2024-05-09,13.9399995803833,14.260000228881836,13.779999732971191,14.050000190734863,14.050000190734863,892900,0.019593647532346825,0.019404163147675117,0.25706172354660756,13.867999935150147,13.788799991607666,,13.82568344158065,13.751710979891937,13.700782768604435,0.07397246168871341,0.022979020024232327,0.05099344166448108,56.50025508589728,13.622499942779541,14.25816880045776,12.986831085101322
2024-05-10,14.029999732971191,14.196999549865723,14.0,14.010000228881836,14.010000228881836,618100,-0.002846972335232012,-0.0028510326692409798,0.2575730957824454,13.900999927520752,13.795599994659424,,13.854039870396218,13.770843516854152,13.712908943517276,0.08319635354206589,0.03502248672779904,0.04817386681426685,55.5484071222345,13.641499948501586,14.299262017629218,12.983737879373955
2024-05-13,14.15999984741211,14.260000228881836,14.029999732971191,14.09000015258789,14.09000015258789,592100,0.0057102014560379555,0.005693960054156645,0.24237194654076452,13.922999954223632,13.803799991607667,,13.89034145227186,13.794484749130724,13.727696834069064,0.09585670314113592,0.04718933001046642,0.0486673731306695,57.10487372438194,13.683499956130982,14.343174862200122,13.023825050061841
2024-05-14,14.0,14.3100004196167,13.859999656677246,14.0,14.0,724600,-0.0063875196318831096,-0.006408007124846937,0.22031783322378629,13.95,13.808799991607666,,13.907211998076189,13.809708101046967,13.738375389595769,0.09750389702922213,0.05725224341421757,0.04025165361500456,54.78095757503384,13.73349995613098,14.326602813353011,13.14039709890895
2024-05-15,14.329999923706055,14.59000015258789,14.154999732971191,14.550000190734863,14.550000190734863,1506500,0.03928572790963303,0.03853367711116807,0.23766791672350834,14.017000007629395,13.823999996185302,,14.006102489254445,13.864544552134959,13.77020381316985,0.1415579371194866,0.07411338215527138,0.06744455496421523,64.3333798509909,13.810499954223634,14.407742916489063,13.213256991958204
2024-05-16,14.510000228881836,14.59000015258789,14.270000457763672,14.329999923706055,14.329999923706055,773600,-0.015120293068374036,-0.015235770210417873,0.2473427913354741,14.05299997329712,13.835599994659423,,14.055932863785463,13.899022727806893,13.792156601818329,0.1569101359785705,0.09067273291993122,0.06623740305863929,58.96739836654776,13.855999946594238,14.465832851149667,13.24616704203881
2024-05-17,14.239999771118164,14.550000190734863,14.239999771118164,14.5,14.5,529600,0.011863229392814922,0.011793412910519796,0.23066781877635872,14.130000019073487,13.849599990844727,,14.124250884741546,13.94353956278416,13.819915166452905,0.1807113219573857,0.10868045072742213,0.07203087122996357,61.63062495919278,13.92049994468689,14.516099818660393,13.324900070713387
2024-05-20,14.449999809265137,14.649999618530273,14.390000343322754,14.420000076293945,14.420000076293945,696300,-0.005517236117658975,-0.005532512278883491,0.22276483045981327,14.17200002670288,13.86179998397827,,14.169750760364991,13.978832934155255,13.843447908015298,0.19091782620973596,0.1251279258238849,0.06578990038585106,59.66796338726923,13.978999948501587,14.527667652327903,13.43033224467527
2024-05-21,14.359999656677246,14.470000267028809,14.1899995803833,14.199999809265137,14.199999809265137,619400,-0.01525660650934968,-0.015374185972462961,0.23237942712530857,14.193000030517577,13.86879997253418,,14.174404460195781,13.995215665644876,13.857430335515293,0.17918879455090497,0.13594009956928893,0.04324869498161604,54.52554745274164,14.00799994468689,14.538720425505193,13.477279463868587
2024-05-22,14.279999732971191,14.350000381469727,14.055000305175781,14.100000381469727,14.100000381469727,612400,-0.007042213319620072,-0.007067126736469515,0.21806270024560823,14.225000095367431,13.87439998626709,,14.16295767885331,14.002977496446716,13.866942886337036,0.15998018240659384,0.14074811613674992,0.019232066269843917,52.31836058585701,14.028499984741211,14.53982296674505,13.517177002737373
2024-05-23,14.119999885559082,14.170000076293945,13.670000076293945,13.850000381469727,13.850000381469727,849900,-0.017730495974209393,-0.017889564262425082,0.22734285768901846,14.205000114440917,13.876199989318847,,14.114810402332758,13.991645858300274,13.866278474381456,0.123164544032484,0.13723140171589673,-0.014066857683412731,47.17680248294993,14.036500024795533,14.531122210190949,13.541877839400117
2024-05-24,13.949999809265137,14.010000228881836,13.829999923706055,14.0,14.0,715700,0.010830297068508576,0.010772069438970999,0.22993013890883088,14.204000091552734,13.88019998550415,,14.097147263512333,13.992264683611364,13.871522455778262,0.10488257990096983,0.13076163735291135,-0.025879057451941523,50.33080866198767,14.052500009536743,14.51991326200471,13.585086757068776
2024-05-28,14.149999618530273,14.300000190734863,14.0,14.069999694824219,14.069999694824219,1037800,0.0049999782017298156,0.00498751982121776,0.23020632120808746,14.202000045776368,13.889799976348877,,14.092970714483393,13.998022832590094,13.87930587691732,0.09494788189329917,0.12359888626098892,-0.028651004367689747,51.77783110981621,14.0625,14.522364260507688,13.602635739492312
2024-05-29,14.0,14.180000305175781,13.890000343322754,14.069999694824219,14.069999694824219,801300,0.0,0.0,0.2259342659644082,14.20900001525879,13.89459997177124,,14.089436711458903,14.003354452014843,13.886784065854846,0.08608225944406023,0.11609556089760319,-0.03001330145354296,51.77783110981621,14.079500007629395,14.513342231550219,13.645657783708572
2024-05-30,14.09000015258789,14.34000015258789,14.069999694824219,14.3100004196167,14.3100004196167,675700,0.017057621179676907,0.016913773455201998,0.22887336844525608,14.185000038146972,13.902799987792969,,14.123369589637026,14.0260689681335,13.903380785610212,0.09730062150352659,0.11233657301878787,-0.015035951515261284,56.78413452740678,14.101000022888183,14.53578286424795,13.666217181528415
2024-05-31,14.369999885559082,14.680000305175781,14.210000038146973,14.65999984741211,14.65999984741211,2251400,0.0244583799812903,0.02416406315837595,0.23925547292436264,14.218000030517578,13.91519998550415,,14.205928090833192,14.073026811043025,13.933052121367151,0.13290127979016653,0.1164495143730636,0.01645176541710293,62.84251091273429,14.13550000190735,14.628794131700209,13.64220587211449
2024-06-03,14.899999618530273,14.949999809265137,14.550000190734863,14.770000457763672,14.770000457763672,874700,0.007503452353103679,0.007475441486034676,0.2394757926407325,14.245000076293945,13.926999988555908,,14.292708454976342,14.124654488577889,13.96587362475525,0.16805396639845327,0.12677040477814153,0.04128356162031174,64.5257237093655,14.187500047683717,14.716796864774858,13.658203230592575
2024-06-04,14.710000038146973,14.949999809265137,14.539999961853027,14.930000305175781,14.930000305175781,1022800,0.010832758459936809,0.010774504455450628,0.2299964029270825,14.296000099182129,13.946999988555909,,14.390753355007025,14.184309734251807,14.003682514183506,0.20644362075521805,0.14270504797355685,0.0637385727816612,66.87612976231543,14.234000062942505,14.846157058986346,13.621843066898663
2024-06-05,14.970000267028809,14.989999771118164,14.710000038146973,14.8100004196167,14.8100004196167,790500,-0.00803750054294916,-0.008069975378497034,0.22656789081488404,14.357000160217286,13.951800003051758,,14.455252903408514,14.230657192426984,14.035302824200494,0.22459571098153042,0.15908318057515156,0.06551253040637886,63.47905019280483,14.275000095367432,14.924969503005766,13.625030687729097
2024-06-06,14.800000190734863,14.8149995803833,14.600000381469727,14.6899995803833,14.6899995803833,465200,-0.008102689792935491,-0.00813569499204254,0.22927433239396383,14.416000080108642,13.95579999923706,,14.49136777678925,14.264682554497822,14.060977206795899,0.22668522229142773,0.1726035889184068,0.05408163337302094,60.18657614342214,14.320500087738036,14.9526544014946,13.688345773981473
2024-06-07,14.569999694824219,14.729999542236328,14.539999961853027,14.619999885559082,14.619999885559082,643300,-0.0047651257197920405,-0.004776515127063766,0.2223890429358304,14.493000030517578,13.961000003814696,,14.51115733198461,14.291002356798657,14.082899664786613,0.2201549751859524,0.18211386617191594,0.038041109014036456,58.28740878995713,14.349000072479248,14.981199460966186,13.71680068399231
2024-06-10,14.59000015258789,14.9399995803833,14.59000015258789,14.84000015258789,14.84000015258789,1021600,0.01504789799937778,0.014935801527500915,0.21887514975988034,14.577000045776368,13.962800006866456,,14.561748535154345,14.331668860190451,14.112589879994507,0.23007967496389448,0.19170702793031166,0.03837264703358281,62.31247442755603,14.39050006866455,15.037044038562394,13.743956098766708
2024-06-11,14.75,15.0,14.680000305175781,14.920000076293945,14.920000076293945,713300,0.005390830382983713,0.005376351867712715,0.21818021763775433,14.66200008392334,13.971400012969971,,14.616864156868129,14.37524895027219,14.144253024947426,0.24161520659593805,0.20168866366343693,0.03992654293250111,63.68476385798409,14.432000064849854,15.10218221768685,13.761817912012857
2024-06-12,15.079999923706055,15.34000015258789,14.880000114440918,14.880000114440918,14.880000114440918,526400,-0.0026809625769762535,-0.002684562793282275,0.21877503677743546,14.74300012588501,13.987000007629394,,14.657346611879328,14.412637925395801,14.173105851986387,0.24470868648352706,0.210292668227455,0.03441601825607207,62.46013165022626,14.4760000705719,15.14249546714095,13.809504674002849
2024-06-13,14.9399995803833,15.100000381469727,14.779999732971191,14.850000381469727,14.850000381469727,956400,-0.0020161110712678676,-0.0020181461589623183,0.21710352154331172,14.797000122070312,14.004400024414062,,14.686985653354775,14.44503514436424,14.199650735495538,0.24195050899053427,0.21662423638007086,0.025326272610463413,61.50487045145287,14.491000080108643,15.176708586295371,13.805291573921915
2024-06-14,14.75,14.960000038146973,14.649999618530273,14.720000267028809,14.720000267028809,498000,-0.00875421623578787,-0.00879275949563132,0.17930902272381724,14.803000164031982,14.022400035858155,,14.692064824689243,14.465402931228283,14.220056599477235,0.22666189346096033,0.21863176779624877,0.008030125664711563,57.407555700304755,14.51050009727478,15.198961541241308,13.822038653308253
2024-06-17,14.609999656677246,14.875,14.609999656677246,14.829999923706055,14.829999923706055,1086700,0.007472802627839226,0.007445019563998571,0.1715700072576493,14.80900011062622,14.046600036621093,,14.713285609153369,14.492410115856265,14.243975945525426,0.220875493297104,0.2190805128964198,0.0017949804006841819,59.84514301464225,14.527000093460083,15.229341988651724,13.824658198268443
2024-06-18,14.850000381469727,14.899999618530273,14.619999885559082,14.670000076293945,14.670000076293945,1050200,-0.010788931101499588,-0.010847553649704276,0.17255088960113557,14.783000087738037,14.067400035858155,,14.706626296405766,14.505564927740538,14.260682774183014,0.2010613686652274,0.21547668405018133,-0.014415315384953942,54.92153774695458,14.539500093460083,15.242677977088949,13.836322209831216
2024-06-20,14.619999885559082,14.720000267028809,14.479999542236328,14.539999961853027,14.539999961853027,1072000,-0.008861630113485286,-0.008901127873783176,0.17434349832632465,14.75600004196167,14.082400035858154,,14.680991475705344,14.50811567100813,14.271636389385758,0.17287580469721497,0.20695650817958808,-0.034080703482373104,51.23332701493468,14.556500101089478,15.242248667524118,13.870751534654838
2024-06-21,14.59000015258789,15.039999961853027,14.319999694824219,14.930000305175781,14.930000305175781,3654000,0.026822582142087548,0.02646916250975444,0.18592972873173993,14.780000114440918,14.117400035858154,,14.719300526393104,14.539366384650178,14.297454582161837,0.1799341417429261,0.20155203489225568,-0.021617893149329576,59.927452910170324,14.598000097274781,15.268510484458726,13.927489710090835
2024-06-24,14.890000343322754,15.020000457763672,14.800000190734863,14.899999618530273,14.899999618530273,1414500,-0.0020094230430194315,-0.002011444642121527,0.18361597622331322,14.808000087738037,14.150200023651124,,14.7471003867219,14.566079957530185,14.321083799274327,0.18102042919171524,0.19744571375214762,-0.01642528456043238,59.05526055476066,14.650500059127808,15.23778127161643,14.063218846639185
2024-06-25,14.920000076293945,14.949999809265137,14.470000267028809,14.760000228881836,14.760000228881836,1506000,-0.009395932431724874,-0.009440352670192243,0.17427032171980106,14.800000095367432,14.172800025939942,,14.74908497782343,14.580444422074752,14.338296208278543,0.1686405557486772,0.19168468215145357,-0.023044126402776366,55.03024525326188,14.6885000705719,15.19534443634238,14.18165570480142
2024-06-26,14.680000305175781,14.979999542236328,14.529999732971191,14.90999984741211,14.90999984741211,1541800,0.010162575623593906,0.010111283863491713,0.17393205293561895,14.799000072479249,14.206000022888183,,14.773841111606304,14.604855935062703,14.3607159588328,0.16898517654360035,0.18714478102988294,-0.018159604486282593,58.308937157099216,14.730500078201294,15.158447616829395,14.302552539573192
2024-06-27,14.600000381469727,14.73799991607666,14.350000381469727,14.479999542236328,14.479999542236328,2133200,-0.02883972565904591,-0.02926376319866085,0.20500000655082748,14.759000015258788,14.23560001373291,,14.728634716318616,14.595607313371861,14.365393746417253,0.1330274029467553,0.1763213054132574,-0.04329390246650211,47.59589367787251,14.7510000705719,15.077735513223237,14.424264627920563
2024-06-28,14.479999542236328,14.670000076293945,14.380000114440918,14.609999656677246,14.609999656677246,11954500,0.008977908739687734,0.008937846919389479,0.2065056267012421,14.734999942779542,14.267600002288818,,14.710383168681483,14.596673412875964,14.374986135054899,0.11370975580551956,0.16379899549170984,-0.05008923968619028,50.55370940174838,14.766000032424927,15.032338424282667,14.499661640567187
2024-07-01,14.630000114440918,14.779999732971191,14.404999732971191,14.760000228881836,14.760000228881836,1361900,0.0102669798582804,0.010214632415779667,0.20180789427078627,14.738999938964843,14.294400005340576,,14.71801656255846,14.608771695543066,14.39008472696968,0.10924486701539493,0.15288816979644687,-0.04364330278105194,53.79437701517538,14.771000051498413,15.032908680410078,14.50909142258675
2024-07-02,14.819999694824219,15.130000114440918,14.819999694824219,15.130000114440918,15.130000114440918,1075000,0.02506774253533406,0.024758700684879967,0.20261855392348035,14.76899995803833,14.332800006866455,,14.781398647463455,14.647381208054018,14.419101016674436,0.1340174394094369,0.1491140237190449,-0.015096584309608002,60.64585962503404,14.789000034332275,15.094083861454147,14.483916207210404
2024-07-03,15.119999885559082,15.380000114440918,15.119999885559082,15.220000267028809,15.220000267028809,605100,0.005948456834576676,0.005930834614033726,0.202138893241778,14.823999977111816,14.372200012207031,,14.84887581970428,14.689797434644742,14.450508830413824,0.1590783850595372,0.15110689598714336,0.00797148907239384,62.11734672149213,14.803500032424926,15.157634423064815,14.449365641785038
2024-07-05,15.149999618530273,15.40999984741211,15.109999656677246,15.369999885559082,15.369999885559082,479300,0.00985542811423068,0.009807180126631999,0.2016280398035019,14.906999969482422,14.407200012207031,,14.92904875291271,14.740182801379136,14.486567303164618,0.18886595153357355,0.1586587070964294,0.03020724443714415,64.49982070255889,14.831500005722045,15.263299887992527,14.399700123451563
2024-07-08,15.449999809265137,15.654999732971191,15.350000381469727,15.489999771118164,15.489999771118164,915900,0.007807409658592723,0.007777089547902837,0.19982151234394274,14.96299991607666,14.443200016021729,,15.015348909559702,14.795724799137584,14.525917596025542,0.21962411042211727,0.170851787761567,0.04877232266055026,66.32446271969124,14.871500015258789,15.384112002446159,14.35888802807142
2024-07-09,15.520000457763672,15.649999618530273,15.40999984741211,15.430000305175781,15.430000305175781,1027900,-0.0038734323324042252,-0.0038809534995244256,0.19770298300990777,15.01599998474121,14.478000030517578,,15.079141431962176,14.842708169955229,14.561371819913786,0.2364332620069476,0.18396808261064312,0.05246517939630446,64.53832056246723,14.912000036239624,15.465122169524914,14.358877902954333
2024-07-10,15.520000457763672,15.5600004196167,15.265000343322754,15.520000457763672,15.520000457763672,669400,0.0058328030335619285,0.0058158580970044975,0.19636577185351065,15.092000007629395,14.514800033569337,,15.1469658974701,14.892877969052151,14.598965099829469,0.2540879284179489,0.1979920517721043,0.05609587664584462,66.01670802769462,14.946000051498412,15.557732179186006,14.334267923810819
2024-07-11,15.75,16.148000717163086,15.704999923706055,15.989999771118164,15.989999771118164,588900,0.03028346001880311,0.029833968281647517,0.21311824965614215,15.2,14.557200031280518,,15.27666341649288,14.97414625068667,14.653515479095692,0.3025171658062096,0.21889707457892538,0.0836200912272842,72.4711139045051,14.999500036239624,15.761483688129248,14.23751638435
2024-07-12,16.079999923706055,16.200000762939453,15.979999542236328,16.0,16.0,638100,0.0006254051923064718,0.0006252097079795522,0.21323599405152316,15.352000045776368,14.60260004043579,,15.387945967801668,15.050135417302473,14.706318793640959,0.3378105504991957,0.24267976976297945,0.09513078073621628,72.5904003006967,15.055500030517578,15.930382352630357,14.1806177084048
2024-07-15,16.1200008392334,16.5,15.989999771118164,16.25,16.25,971600,0.015625,0.015504186535965254,0.2159302790678337,15.516000080108643,14.650000038146972,,15.52056966506295,15.139014275280068,14.766855311537391,0.38155538978288206,0.27045489376695997,0.11110049601592209,75.4539141037524,15.125500011444093,16.136805653915022,14.11419436897316
2024-07-16,16.420000076293945,16.709999084472656,16.329999923706055,16.6299991607666,16.6299991607666,1424700,0.023384563739483166,0.023115333964061572,0.2238258408966588,15.70299997329712,14.703200016021729,,15.691251125940436,15.249457600130922,14.839919776213046,0.4417935258095138,0.30472262017547075,0.13707090563404306,79.03855121321784,15.220999956130981,16.40678057423494,14.035219338027023
2024-07-17,16.649999618530273,16.719999313354492,16.170000076293945,16.3700008392334,16.3700008392334,1318200,-0.015634295529406206,-0.015757800090217326,0.2302680557352747,15.827000045776368,14.75600004196167,,15.79567415875474,15.332460803027402,14.899922955155022,0.463213355727337,0.336420767285844,0.126792588441493,71.35982291930468,15.298000001907349,16.569150680180986,14.026849323633714
2024-07-18,16.360000610351562,16.56999969482422,16.165000915527344,16.309999465942383,16.309999465942383,715400,-0.0036653249978589875,-0.0036720587608512095,0.23194669497108933,15.935999965667724,14.802200031280517,,15.8748011290913,15.404871074354439,14.955220073225114,0.4699300547368601,0.36312262477604723,0.10680742996081288,69.67746649702607,15.37999997138977,16.689534189584318,14.070465753195224
2024-07-19,16.260000228881836,16.510000228881836,16.170000076293945,16.459999084472656,16.459999084472656,605300,0.009196788684358692,0.009154755738837578,0.22580912673885564,16.044999885559083,14.851600017547607,,15.964831583765353,15.483028704733567,15.014231014842665,0.4818028790317861,0.386858675627195,0.09494420340459109,71.48721228633595,15.475999927520752,16.80647935838822,14.145520496653285
2024-07-22,16.5,16.68000030517578,16.40999984741211,16.600000381469727,16.600000381469727,900900,0.008505547070724928,0.00846957871502446,0.22009503235045774,16.15599994659424,14.908000030517577,,16.062549860335256,15.565767347454763,15.07641804882804,0.49678251288049324,0.4088434430778547,0.08793906980263855,73.10088925686162,15.559499931335449,16.950664479470763,14.168335383200136
2024-07-23,16.6200008392334,16.790000915527344,16.530000686645508,16.600000381469727,16.600000381469727,1125200,0.0,0.0,0.20890724477364744,16.272999954223632,14.959000034332275,,16.145234555894405,15.64237720182624,15.136166375598304,0.5028573540681638,0.42764622527591656,0.07521112879224723,73.10088925686163,15.644499969482421,17.071377286870458,14.217622652094382
2024-07-24,16.600000381469727,16.790000915527344,16.43000030517578,16.450000762939453,16.450000762939453,647800,-0.009036121390558205,-0.00907719475192338,0.21309648334884923,16.36599998474121,15.007800045013427,,16.192121664670566,15.702201169316108,15.187689292748937,0.4899204953544576,0.4401010792916248,0.0498194160628328,68.29789878300852,15.728999996185303,17.136379194643492,14.321620797727114
2024-07-25,16.450000762939453,16.829999923706055,16.399999618530273,16.520000457763672,16.520000457763672,683400,0.004255300399859108,0.004246272211819113,0.20712800374289184,16.41900005340576,15.056400051116944,,16.24256455591566,15.762778894386297,15.239936789416182,0.47978566152936253,0.44803799573917236,0.03174766579019017,69.3112476204376,15.809500026702882,17.204411954354526,14.414588099051237
2024-07-26,16.649999618530273,16.93000030517578,16.510000228881836,16.6200008392334,16.6200008392334,685000,0.006053291688786322,0.006035044120194899,0.20646430881336522,16.4810001373291,15.108800067901612,,16.30063167642608,15.826276816226823,15.294056948232544,0.47435486019925577,0.4533013686311891,0.021053491568066685,70.74968722870824,15.916500091552734,17.21181906237672,14.621181120728751
2024-07-29,16.6200008392334,16.729999542236328,16.440000534057617,16.489999771118164,16.489999771118164,625900,-0.007821965195594416,-0.00785271723122294,0.1737018106536943,16.505000114440918,15.147600059509278,,16.32976522945563,15.875441479552107,15.340956666777078,0.45432374990352464,0.4535058448856562,0.0008179050178684366,66.3929222623299,16.01050009727478,17.179644626877465,14.841355567672093
2024-07-30,16.489999771118164,16.6200008392334,16.299999237060547,16.40999984741211,16.40999984741211,608600,-0.004851420546783336,-0.00486322688793929,0.1773101531617652,16.483000183105467,15.189200057983399,,16.34210901683355,15.915038395689884,15.382879928762767,0.4270706211436668,0.44821880013725834,-0.02114817899359156,63.78966398701134,16.093000078201293,17.122001521149837,15.063998635252748
2024-07-31,16.40999984741211,16.540000915527344,15.899999618530273,15.9399995803833,15.9399995803833,670500,-0.02864108905539864,-0.029059248766222515,0.21131397610891733,16.44000005722046,15.218000049591064,,16.280246026610435,15.91688737233384,15.404727758238083,0.3633586542765954,0.43124677096512576,-0.06788811668853034,51.11030820489433,16.133500051498412,17.067036886694503,15.199963216302322
2024-08-01,16.100000381469727,16.299999237060547,15.930000305175781,16.06999969482422,16.06999969482422,967000,0.008155590832066517,0.00812251372171066,0.19847800572634472,16.416000080108642,15.25100004196167,,16.247900437104864,15.928229025851646,15.430816853790482,0.31967141125321774,0.4089316990227442,-0.08926028776952644,53.84314321906558,16.176000022888182,17.011569361848004,15.340430683928359
2024-08-02,15.890000343322754,16.329999923706055,15.880000114440918,16.139999389648438,16.139999389648438,1018600,0.0043559238427841596,0.004346464266702375,0.19825697358203823,16.38400011062622,15.289800033569335,,16.23130027595772,15.943915719466224,15.45862793362805,0.28738455649149763,0.3846222705164949,-0.09723771402499726,55.292300530223294,16.214499998092652,16.964552724699658,15.464447271485646
2024-08-05,15.359999656677246,15.970000267028809,14.789999961853027,15.670000076293945,15.670000076293945,3297200,-0.029120156823297716,-0.029552563789000237,0.22446980549739823,16.291000080108642,15.32120002746582,,16.144946399086372,15.923625671823832,15.466917037262007,0.22132072726254037,0.351961961865704,-0.13064123460316363,45.062246929979224,16.22350001335144,16.942228758277167,15.504771268425714
2024-08-06,16.360000610351562,17.049999237060547,15.819999694824219,16.670000076293945,16.670000076293945,5433100,0.0638162090064589,0.061862640102704244,0.30449680251997224,16.298000049591064,15.377600021362305,,16.225723887887536,15.978912664747543,15.514096764282868,0.24681122313999282,0.33093181412056183,-0.08412059098056901,61.41839410402892,16.285500001907348,16.929812905957345,15.64118709785735
2024-08-07,16.6299991607666,17.030000686645508,16.290000915527344,16.43000030517578,16.43000030517578,2131800,-0.014397106779829194,-0.014501750715945536,0.3096576184168088,16.296000003814697,15.42620002746582,,16.257151029008806,16.012326564038524,15.550014550200238,0.2448244649702822,0.3137103442905059,-0.06888587932022372,57.02996832098719,16.330999994277953,16.87306666749679,15.788933321059114
2024-08-08,16.360000610351562,16.81999969482422,16.34000015258789,16.709999084472656,16.709999084472656,1788200,0.017041921734394005,0.016898337194633625,0.3131182951781943,16.314999866485596,15.479000015258789,,16.32681996061863,16.06400600999661,15.59550413977955,0.26281395062201796,0.3035310655568083,-0.040717114934790355,60.56970025197248,16.36699995994568,16.909332071973825,15.824667847917537
2024-08-09,16.690000534057617,16.780000686645508,16.40999984741211,16.719999313354492,16.719999313354492,1216600,0.0005984577755679954,0.0005982787711275988,0.2989089805238941,16.324999713897704,15.532000007629394,,16.38730909180876,16.11259810654164,15.639601989723666,0.2747109852671201,0.2977670494988707,-0.02305606423175055,60.69423754178853,16.402999925613404,16.938652839547398,15.867347011679408
2024-08-12,16.639999389648438,17.139999389648438,16.540000915527344,17.139999389648438,17.139999389648438,1466100,0.025119622819510745,0.024809310970617223,0.30847988352782657,16.389999675750733,15.58859998703003,,16.50310759916871,16.18870190529029,15.698441103446207,0.3144056938784203,0.3010947783747806,0.01331091550363972,65.60737355358145,16.447499895095824,17.066333395821406,15.828666394370241
2024-08-13,17.1299991607666,17.760000228881836,17.0,17.670000076293945,17.670000076293945,2081400,0.030921861465502687,0.030453413089458675,0.3195318758408822,16.515999698638915,15.648799991607666,,16.68262951872644,16.298427695735008,15.775757141597099,0.38420182299143235,0.31771618729811096,0.06648563569332139,70.60130288122491,16.49949994087219,17.314594429130523,15.684405452613857
2024-08-14,17.729999542236328,18.139999389648438,17.6200008392334,18.049999237060547,18.049999237060547,1943200,0.021505328756416198,0.021277351861459667,0.3182696155878932,16.72699966430664,15.714399967193604,,16.89299409077784,16.428173735833195,15.864943106125077,0.4648203549446457,0.34713702082741793,0.11768333411722776,73.56508243987503,16.58349986076355,17.638777401817638,15.528222319709462
2024-08-15,18.139999389648438,18.700000762939453,18.010000228881836,18.700000762939453,18.700000762939453,2637600,0.03601116639076163,0.03537792214866614,0.3271885104430894,16.989999771118164,15.789799976348878,,17.17099511726424,16.596457219322545,15.976121837764856,0.5745378979416955,0.39261719625027347,0.18192070169142205,77.70540216090353,16.702999925613405,18.09492102511779,15.311078826109018
2024-08-16,18.670000076293945,19.170000076293945,18.489999771118164,19.010000228881836,19.010000228881836,2649800,0.01657751087137682,0.016441603880971954,0.3268704557512674,17.276999855041502,15.87379997253418,,17.453918980590025,16.775238182993604,16.095097460945915,0.6786807975964209,0.449829916519503,0.22885088107691787,79.36531404882217,16.830499982833864,18.5407805115711,15.120219454096626
2024-08-19,18.920000076293945,19.350000381469727,18.90999984741211,19.18000030517578,19.18000030517578,1771700,0.008942665662658111,0.008902916826024784,0.3268543661911938,17.62799987792969,15.96359998703003,,17.71946995360322,16.953368710562653,16.216074043072577,0.7661012430405663,0.5130841818237156,0.25301706121685064,80.23441057954636,16.959499979019164,18.94743856725715,14.971561390781176
2024-08-20,19.34000015258789,20.209999084472656,19.260000228881836,19.68000030517578,19.68000030517578,2521900,0.02606882127447485,0.02573482176456864,0.33276469217494326,17.92899990081787,16.064799995422362,,18.021090007691306,17.155341421274738,16.35191428864525,0.8657485864165686,0.5836170627422863,0.2821315236742823,82.56089390422765,17.11349997520447,19.41815011093036,14.80884983947858
2024-08-21,19.5,19.920000076293945,19.469999313354492,19.75,19.75,1406200,0.0035568950070499206,0.0035505842161242733,0.33194242907444665,18.260999870300292,16.162999992370604,,18.287076160354182,17.347538353032164,16.485172551835632,0.9395378073220186,0.6548012116582328,0.28473659566378584,82.86497246880892,17.278499937057497,19.82892980938676,14.728070064728232
2024-08-22,19.530000686645508,20.290000915527344,19.530000686645508,20.280000686645508,20.280000686645508,2116200,0.02683547780483586,0.02648172123411074,0.3314043724111636,18.618000030517578,16.270200004577635,,18.593679933629772,17.564757785151674,16.63398934143602,1.0289221484780988,0.7296253990222061,0.2992967494558927,84.99791079989126,17.466499948501585,20.303761581554703,14.62923831544847
2024-08-23,20.280000686645508,21.010000228881836,20.190000534057617,21.010000228881836,21.010000228881836,1461600,0.035996031435888254,0.035363313169614795,0.341500244658497,19.047000122070312,16.392800006866455,,18.965421517514706,17.819960929131685,16.805597611531937,1.1454605883830205,0.812792436894369,0.3326681514886515,87.33615523590282,17.68599991798401,20.883702112841547,14.488297723126472
2024-08-26,21.1299991607666,21.3700008392334,20.969999313354492,21.149999618530273,21.149999618530273,1748200,0.006663464451370338,0.006641361705036648,0.3413910341794877,19.448000144958495,16.518799991607665,,19.301510456132487,18.06663046167973,16.975966317688734,1.2348799944527578,0.8972099484060467,0.337670046046711,87.7310961852722,17.918999910354614,21.40065452505065,14.437345295658579
2024-08-27,21.0,21.450000762939453,20.75,20.93000030517578,20.93000030517578,4619500,-0.010401858975058409,-0.010456336417202143,0.3432684251247819,19.77400016784668,16.642999992370605,,19.5520473559853,18.278731931568327,17.131026474060775,1.2733154244169747,0.9724310436082324,0.30088438080874225,83.33301204604237,18.144999933242797,21.788545356615877,14.501454509869719
2024-08-28,20.93000030517578,21.290000915527344,20.8700008392334,20.989999771118164,20.989999771118164,2082500,0.0028666729607045305,0.0028625718895231565,0.33986529020254347,20.06800022125244,16.76619998931885,,19.77327080446728,18.479566586349797,17.28235876021989,1.2937042181174832,1.0366856785100826,0.2570185396074005,83.57485307586856,18.39749994277954,22.09436317222133,14.700636713337753
2024-08-29,20.989999771118164,20.989999771118164,20.40999984741211,20.6200008392334,20.6200008392334,1856200,-0.017627390944228494,-0.017784603639430158,0.32546308085911746,20.260000228881836,16.885200004577637,,19.90353696366207,18.63811727174858,17.413246684887085,1.2654196919134897,1.082432481190764,0.18298721072272572,76.22917563130508,18.625,22.280711038793786,14.969288961206216
2024-08-30,20.520000457763672,20.940000534057617,20.489999771118164,20.93000030517578,20.93000030517578,1370800,0.015033921111804682,0.014922031749906988,0.32523782598847045,20.452000236511232,17.013000011444092,,20.061454400818025,18.80788638533578,17.551158591565073,1.2535680154822444,1.1166595880490602,0.1369084274331842,77.97580752016897,18.864500045776367,22.464825279159285,15.264174812393449
2024-09-03,20.559999465942383,21.2450008392334,20.149999618530273,21.09000015258789,21.09000015258789,1705100,0.007644521981805319,0.0076154506870747575,0.3244312256266794,20.643000221252443,17.136200008392333,,20.21969220878262,18.97693184957668,17.689936691997342,1.242760359205942,1.1418797422804365,0.10088061692550543,78.84001076060113,19.135500049591066,22.54404547424694,15.726954624935193
2024-09-04,21.1299991607666,21.81999969482422,21.1299991607666,21.799999237060547,21.799999237060547,1375100,0.03366520053749422,0.0331109330720543,0.29416072494667334,20.85500011444092,17.27420000076294,,20.462816366979222,19.186047952353263,17.851115615333153,1.276768414625959,1.1688574767495412,0.10791093787641781,82.18130482055552,19.392000007629395,22.791880322932762,15.99211969232603
2024-09-05,21.899999618530273,22.670000076293945,21.889999389648438,22.09000015258789,22.09000015258789,2117900,0.01330279475580598,0.013215089541760703,0.2443483219266849,21.089000129699706,17.42079999923706,,20.713152333995943,19.401155522741014,18.01734638150001,1.3119968112549287,1.1974853436506188,0.11451146760430997,83.33858222554798,19.675,22.982564464168828,16.367435535831174
2024-09-06,22.299999237060547,22.447999954223633,21.875,22.049999237060547,22.049999237060547,1479200,-0.0018108155387521752,-0.0018124570471551391,0.23032014241541798,21.26599998474121,17.56359998703003,,20.918821088313575,19.597366168246165,18.175489630737676,1.32145492006741,1.222279258933977,0.0991756611334329,82.54225211866958,19.942000007629396,23.108181439216672,16.77581857604212
2024-09-09,22.049999237060547,22.530000686645508,21.8700008392334,22.399999618530273,22.399999618530273,1697800,0.015873033722443974,0.015748374538669802,0.23017983708232517,21.404999923706054,17.721999988555908,,21.146694708346914,19.804968646044987,18.341156689082485,1.3417260623019267,1.246168619607567,0.09555744269435973,83.98428946505067,20.226000022888183,23.19823412297456,17.253765922801804
2024-09-10,22.399999618530273,22.969999313354492,22.350000381469727,22.93000030517578,22.93000030517578,1457800,0.023660745342471756,0.023385168347735467,0.2271836160950192,21.582999992370606,17.88840000152588,,21.421049415551355,20.036452472647266,18.521111340693988,1.3845969429040892,1.2738542842668714,0.11074265863721777,85.88556240301804,20.51550006866455,23.35391123749638,17.67708889983272
2024-09-11,22.809999465942383,23.25,22.549999237060547,22.8700008392334,22.8700008392334,1688000,-0.0026166360725621285,-0.0026200654483220704,0.23190460980965838,21.77700004577637,18.05060001373291,,21.643965019194745,20.24634494424624,18.69165602691122,1.397620074948506,1.2986074424031984,0.09901263254530757,84.66028724258545,20.775500106811524,23.47282074374166,18.078179469881388
2024-09-12,22.81999969482422,23.739999771118164,22.641000747680664,23.690000534057617,23.690000534057617,2198200,0.035854816997536565,0.035226995983773796,0.23654949489862853,22.047000122070312,18.221800022125244,,21.958739713789033,20.501430543491523,18.887669536995396,1.4573091702975098,1.3303477879820607,0.12696138231544918,87.32227362217907,21.057500171661378,23.735304126768767,18.379696216553988
2024-09-13,23.860000610351562,24.670000076293945,23.860000610351562,24.579999923706055,24.579999923706055,1608100,0.03756856773257322,0.03688006031970287,0.24794664219170476,22.443000030517577,18.40900001525879,,22.36201051531473,20.803546793877786,19.1108981796115,1.5584637214369437,1.3759709746730373,0.18249274676390637,89.46015468451085,21.35150012969971,24.21417900251949,18.488821256879927
2024-09-16,24.93000030517578,25.100000381469727,24.31999969482422,24.3799991607666,24.3799991607666,1881600,-0.008136727565509982,-0.008170011403887468,0.24808013136973633,22.78799991607666,18.58920000076294,,22.672470306922712,21.068469191425105,19.317529590637193,1.6040011154976064,1.421577002837951,0.1824241126596553,85.95241872195088,21.620000076293945,24.56013584913385,18.67986430345404
2024-09-17,24.469999313354492,24.920000076293945,23.8799991607666,24.309999465942383,24.309999465942383,2363600,-0.0028711934878514755,-0.0028753232707051917,0.2530639792788112,23.10999984741211,18.765599994659425,,22.924397869848818,21.308582545093053,19.5133127230021,1.615815324755765,1.460424667221514,0.15539065753425096,84.70062422163154,21.876500034332274,24.81550139797413,18.937498670690417
2024-09-18,24.219999313354492,25.190000534057617,23.667999267578125,24.530000686645508,24.530000686645508,2886500,0.009049824168500642,0.009009119903076093,0.2530500940177632,23.382999992370607,18.94760000228882,,23.17141368781754,21.547206111133974,19.71004558432145,1.6242075766835669,1.4931812491139247,0.13102632756964216,85.41935351295398,22.119000053405763,25.09318816259028,19.144811944221246
2024-09-19,24.989999771118164,25.920000076293945,24.600000381469727,25.40999984741211,25.40999984741211,10755400,0.03587440424515309,0.03524590506457091,0.2612820034516771,23.714999961853028,19.14539999008179,,23.515811558524398,21.83333898048791,19.933573202481867,1.6824725780364886,1.5310395148984377,0.15143306313805094,87.87335183302501,22.40200004577637,25.49540312399139,19.308596967561346
2024-09-20,25.899999618530273,26.31999969482422,25.375,25.68000030517578,25.68000030517578,12981100,0.010625755977372364,0.010569699378512773,0.2595757565441222,24.07800006866455,19.33920000076294,,23.848763673393844,22.118276856390715,20.158923284940453,1.7304868170031291,1.5709289753193763,0.15955784168375287,88.51220504376326,22.672000026702882,25.916383408734525,19.42761664467124
2024-09-23,26.100000381469727,26.770000457763672,25.690000534057617,26.030000686645508,26.030000686645508,8265400,0.013629298181868865,0.013537254679926404,0.2548563252179215,24.441000175476074,19.53980001449585,,24.184338598509484,22.408034177150327,20.38916161441908,1.776304421359157,1.6120040645273326,0.16430035683182442,89.29918869565707,22.923000049591064,26.383752063891883,19.462248035290244
2024-09-24,26.020000457763672,26.40999984741211,25.950000762939453,26.200000762939453,26.200000762939453,2017600,0.006530928613504239,0.006509694501398354,0.24126529138301717,24.768000221252443,19.73880002975464,,24.49444046996025,22.68892059091248,20.617037659459093,1.8055198790477682,1.6507072274314196,0.1548126516163486,89.6693754667403,23.175500106811523,26.814293865497316,19.53670634812573
2024-09-25,26.079999923706055,26.559999465942383,26.079999923706055,26.450000762939453,26.450000762939453,2095000,0.00954198445496357,0.009496747262022645,0.24090836332040563,25.126000213623048,19.935200061798096,,24.79529589964936,22.967519122173737,20.84578131057597,1.8277767774756235,1.6861211374402605,0.14165564003536302,90.20596408557533,23.451500129699706,27.202784310521093,19.70021594887832
2024-09-26,26.479999542236328,26.577999114990234,26.03499984741211,26.15999984741211,26.15999984741211,2656000,-0.010964117473058033,-0.011024666392772236,0.24151272797358206,25.373000144958496,20.13100004196167,,25.00525035315132,23.203999175895095,21.05418203751072,1.8012511772562263,1.709147145403454,0.09210403185277238,84.70940911608378,23.710000133514406,27.459698966554495,19.960301300474317
2024-09-27,26.350000381469727,26.389999389648438,25.94499969482422,26.1200008392334,26.1200008392334,3665900,-0.0015290140830283017,-0.001530184217982004,0.24365324368128694,25.52700023651123,20.32720006942749,,25.17675042793318,23.41999929910534,21.25284159836259,1.7567511288278403,1.7186679420883313,0.038083186739509056,83.94959307937646,23.985000133514404,27.591902251826458,20.37809801520235
2024-09-30,26.0,26.239999771118164,25.639999389648438,26.100000381469727,26.100000381469727,3853500,-0.0007657142848797038,-0.000766007593799516,0.22618604967267267,25.699000358581543,20.520000095367433,,25.318788882323418,23.618517897799,21.442926256523652,1.700270984524419,1.7149885505755489,-0.014717566051129838,83.54606089538832,24.2435001373291,27.674315536434044,20.812684738224156
2024-10-01,26.020000457763672,26.100000381469727,25.225000381469727,25.3799991607666,25.3799991607666,2113700,-0.027586253263594096,-0.02797389972482672,0.2614971978301075,25.806000328063966,20.69560007095337,,25.328205848237754,23.74899799135215,21.597321272376316,1.5792078568856027,1.6878324118375598,-0.10862455495195711,70.42256850352209,24.458000087738036,27.597405598839806,21.318594576636265
2024-10-02,25.1299991607666,25.360000610351562,24.84000015258789,25.079999923706055,25.079999923706055,2154200,-0.011820301299469649,-0.011890716496822733,0.2710380809873634,25.86100025177002,20.865200061798095,,25.29002032138672,23.84759072708207,21.733896905761796,1.4424295943046488,1.6387518483309775,-0.19632225402632875,65.78568237892492,24.62200012207031,27.522459736138508,21.721540508002114
2024-10-03,24.93000030517578,25.1200008392334,24.75,25.06999969482422,25.06999969482422,1174700,-0.00039873321021755004,-0.00039881272544162476,0.2574910591359176,25.827000236511232,21.03760004043579,,25.256170994223258,23.938139539507414,21.864724466117185,1.3180314547158432,1.5746077696079508,-0.25657631489210764,65.63055262492892,24.771000099182128,27.432164873199152,22.109835325165104
2024-10-04,25.18000030517578,25.209999084472656,24.759000778198242,25.049999237060547,25.049999237060547,1063300,-0.0007977845236193382,-0.0007981029230464213,0.2575649695220234,25.764000129699706,21.208200016021728,,25.224452262352074,24.020499517103943,21.98963720223261,1.203952745248131,1.500476764735987,-0.296524019487856,65.29889937288479,24.92100009918213,27.27187162266511,22.57012857569915
2024-10-07,24.8799991607666,25.049999237060547,24.6200008392334,24.940000534057617,24.940000534057617,1183200,-0.004391165922280393,-0.004400835408620839,0.2586519991442661,25.655000114440917,21.37460000991821,,25.18069045799908,24.08861070354496,22.10533772504928,1.0920797544541223,1.4187973626796142,-0.3267176082254919,63.40128241189846,25.048000144958497,27.09520907226174,23.000791217655255
2024-10-08,25.040000915527344,25.139999389648438,24.6200008392334,24.84000015258789,24.84000015258789,1228700,-0.0040096383050660656,-0.004017698457479952,0.25821955089468757,25.51900005340576,21.54160001754761,,25.128276564858897,24.14426918125184,22.212579388874325,0.9840073836070573,1.331839366865103,-0.34783198325804565,61.64733811447954,25.143500137329102,26.950722185933053,23.33627808872515
2024-10-09,24.700000762939453,24.729999542236328,24.18000030517578,24.3799991607666,24.3799991607666,1791800,-0.01851855833315541,-0.018692173578009827,0.2612815764968836,25.311999893188478,21.7010000038147,,25.01315696422931,24.161730661215895,22.297576242674022,0.8514263030134153,1.2357567540947654,-0.3843304510813501,54.217203799989996,25.21900005340576,26.74414841346913,23.693851693342392
2024-10-10,24.219999313354492,24.360000610351562,23.65999984741211,24.200000762939453,24.200000762939453,1800900,-0.0073830354398375375,-0.007410424941034,0.2629966483612889,25.11599998474121,21.86620002746582,,24.888056010184716,24.164565483565788,22.372181125821687,0.723490526618928,1.133303508599598,-0.40981298198066995,51.596619476002516,25.244500064849852,26.681016866920118,23.807983262779587
2024-10-11,24.329999923706055,24.649999618530273,24.209999084472656,24.579999923706055,24.579999923706055,1354800,0.015702444164735097,0.015580436344921548,0.24132464028450862,24.961999893188477,22.036400032043456,,24.840662766111073,24.19533840505766,22.458762255150486,0.6453243610534116,1.0357076790903608,-0.39038331803694915,56.38904429616799,25.244500064849852,26.681016866920118,23.807983262779587
2024-10-14,24.489999771118164,24.795000076293945,24.385000228881836,24.700000762939453,24.700000762939453,651200,0.004882052058823083,0.004870173488182714,0.2072780924640471,24.821999931335448,22.20760005950928,,24.819022457930824,24.23272080193779,22.546653961338286,0.586301655993033,0.9458264744708952,-0.3595248184778622,57.80966746176264,25.260500144958495,26.664914630678535,23.856085659238456
2024-10-15,24.75,25.10700035095215,24.75,24.93000030517578,24.93000030517578,1230200,0.009311722070123318,0.009268635254605265,0.20717932499808864,24.77700004577637,22.392800064086913,,24.836095972891588,24.284371135510973,22.640118523841718,0.5517248373806147,0.8670061470528392,-0.31528130967222445,60.46771404642035,25.291500186920167,26.636748029494555,23.94625234434578
2024-10-16,24.959999084472656,25.450000762939453,24.959999084472656,25.40999984741211,25.40999984741211,1193200,0.019253892353008784,0.019070881550266365,0.2152990681171112,24.810000038146974,22.567600059509278,,24.924388876663976,24.367751040096245,22.748741320844477,0.5566378365677309,0.8049324849558176,-0.24829464838808668,65.37100893480607,25.335500144958495,26.635030794402812,24.035969495514177
2024-10-17,25.389999389648438,25.459999084472656,24.976999282836914,25.079999923706055,25.079999923706055,1391800,-0.012987010062483817,-0.013072078604342958,0.2197008341046396,24.811000061035156,22.740600051879884,,24.94832903774737,24.420510216659935,22.84016322683905,0.5278188210874362,0.7495097521821413,-0.22169093109470517,59.872775488709955,25.319000148773192,26.6227013955424,24.015298902003984
2024-10-18,25.260000228881836,25.530000686645508,25.079999923706055,25.209999084472656,25.209999084472656,1160000,0.005183379631661156,0.005169992161092161,0.184193360192624,24.827000045776366,22.910600051879882,,24.9885859680128,24.47899087353495,22.933097966354094,0.5095950944778487,0.7015268206412828,-0.19193172616343412,61.25526570609868,25.295500087738038,26.589231108148446,24.00176906732763
